Nome,Plataforma,Ano de lancamento,Genero,Publicadora,Vendas globais,Desenvolvedora,Classificacao,Media de pontuacao,Agrupamento
NBA Live 10,5,2009,1,7,0.45,35,1,43.85,76
Metal Max Returns,8,1995,4,341,0.04,0,0,0.0,58
Girl Time,4,2009,8,28,0.11,166,1,0.0,160
SSX On Tour,7,2005,1,7,0.52,35,1,43.95,70
VMX Racing,13,1997,3,224,0.28,0,0,0.0,48
Zero Divide,13,1995,10,83,0.06,0,0,0.0,136
Dreamworks Madagascar Kartz,1,2009,3,4,0.49,242,1,0.0,44
Real Bout Garou Densetsu,24,1996,10,244,0.1,0,0,0.0,101
XIII,14,2003,7,5,0.25,891,2,41.15,14
Tony Hawk's Proving Ground,7,2007,1,4,0.66,367,3,35.8,70
NHL 2004,14,2003,1,7,0.18,30,1,45.75,72
Chou Gekijouban Keroro Gunsou 3: Tenkuu Daibouken de Arimasu!,4,2008,9,25,0.06,0,0,0.0,160
Tony Hawk: RIDE,5,2009,1,4,0.61,562,4,24.5,76
Space Chimps,5,2008,2,205,0.11,724,4,31.15,76
Michael Jackson: The Experience,1,2010,6,5,4.36,71,4,32.15,129
James Bond 007: Nightfire,9,2003,7,7,0.13,1129,3,37.05,86
Disney Infinity 3.0,5,2015,9,32,0.39,0,0,0.0,85
God Eater,17,2010,9,53,0.72,0,0,0.0,101
1 vs. 100,4,2008,6,290,0.08,1294,1,20.6,27
Clash of the Titans,5,2010,9,25,0.16,488,3,23.05,85
Family Party: 30 Great Games Outdoor Fun,1,2009,6,58,0.16,327,4,0.0,129
Dynasty Warriors 8: Xtreme Legends,6,2013,9,48,0.16,188,3,37.4,85
ZombiU,19,2012,9,5,1.01,195,2,42.35,101
Pokemon Omega Ruby/Pokemon Alpha Sapphire,11,2014,4,0,11.68,0,0,0.0,48
The Lord of the Rings: Conquest,15,2009,9,7,0.02,93,3,31.85,14
Starry ? Sky: In Summer,17,2010,6,418,0.06,0,0,0.0,14
The Tale of Despereaux,1,2008,2,205,0.04,759,4,0.0,44
ESPN NFL Football,7,2003,1,8,0.56,83,1,49.75,70
Tornado Outbreak,1,2009,9,14,0.1,1250,4,39.6,56
TV Anime Idolm@ster: Cinderella Girls G4U! Pack Vol.2,6,2015,9,25,0.02,0,0,0.0,85
Denki Blocks!,9,2001,5,115,0.04,0,0,0.0,38
The Sims 3: Fast Lane Stuff,15,2010,8,7,0.08,23,3,2.7,14
Totaled!,14,2002,3,115,0.07,0,0,0.0,48
Virtua Fighter 3tb,22,1998,10,8,0.37,0,0,0.0,101
Codename: Kids Next Door: Operation V.I.D.E.O.G.A.M.E.,20,2005,2,63,0.05,337,4,29.0,72
Midway Arcade Treasures,20,2003,6,39,0.17,162,3,40.1,14
Tony Hawk: Shred,5,2010,1,4,0.26,562,1,29.8,76
Planet Puzzle League,4,2007,5,0,0.33,55,1,47.1,27
Rogue Warrior,5,2009,7,6,0.11,248,2,15.4,85
Advance Wars: Days of Ruin,4,0,12,0,0.61,55,4,47.35,20
Togainu no Chi: True Blood,7,2008,11,154,0.03,0,0,0.0,25
Alien: Isolation,6,2014,7,8,0.33,218,2,4.15,40
High School Musical 2: Work This Out!,4,2008,6,32,1.15,0,0,0.0,27
The Incredible Hulk: Ultimate Destruction,20,2005,9,23,0.15,311,3,46.55,101
NBA 2K10,5,2009,1,2,0.97,83,1,44.8,76
Make 10: A Journey of Numbers,4,2007,5,0,0.07,0,0,0.0,27
Mobile Suit Gundam: Mokuba no Kiseki,17,2012,9,25,0.04,0,0,0.0,101
Alien Syndrome,17,2007,4,8,0.08,649,3,28.5,48
Grand Theft Auto: San Andreas,5,2008,9,2,0.11,684,2,3.75,85
The Biggest Loser,1,2009,1,28,1.07,0,0,0.0,44
River Raid,16,1981,7,4,1.6,0,0,0.0,14
World Soccer Winning Eleven 9,7,2005,1,14,4.06,69,1,4.1,70
Yoshi,2,1991,5,0,1.75,0,0,0.0,27
Call of Duty: Infinite Warfare,18,2016,7,4,2.42,7,2,40.55,14
Just Dance 4,6,2012,6,5,0.43,12,4,42.05,10
Halloween,16,1982,9,146,0.62,0,0,0.0,101
Grand Theft Auto III,15,2002,9,2,0.01,1669,2,50.7,14
Ratatouille,9,2007,9,28,0.2,193,1,32.5,136
Secret Service,5,2008,9,59,0.05,1454,3,2.75,85
The King of Fighters 02/03,7,2005,10,244,0.07,775,3,40.9,85
Ford Racing 3,4,2005,3,84,0.1,362,1,24.5,11
Tom Clancy's HAWX,15,2009,9,5,0.04,574,3,38.65,14
Amagami,17,2011,11,154,0.15,0,0,0.0,101
Guitar Hero II,7,2006,6,22,5.12,58,3,50.25,10
Jikkyou Powerful Pro Yakyuu 12,7,2005,1,14,0.45,0,0,0.0,70
Battlefield 4,10,2013,7,7,3.59,29,2,45.95,5
15 Days,15,2009,11,233,0.01,1311,0,34.4,101
Star Wars: The Force Unleashed,6,2008,9,18,2.21,143,3,38.8,85
Crash City Mayhem,9,2004,3,28,0.93,0,0,0.0,58
Tak: The Great Juju Challenge,9,2005,2,28,0.17,278,1,26.0,15
F1 2012,15,2012,3,34,0.15,294,1,43.45,48
No More Heroes: Heroes' Paradise,6,2010,9,14,0.19,981,2,39.65,85
Rugby World Cup 2015,15,2015,1,5,0.01,254,1,0.7,72
NBA Live 16,10,2015,1,7,0.18,18,1,32.55,15
Kurupoto Cool Cool Stars,4,2007,9,200,0.06,882,1,0.0,160
Fast Food Panic,1,2009,8,125,0.06,1382,1,28.5,56
Strike Force Bowling,20,2005,1,67,0.06,661,1,23.5,72
Age of Empires: The Age of Kings,4,2006,12,28,0.22,179,4,43.95,20
Vigilante 8: 2nd Offense,13,1999,3,4,0.48,0,0,0.0,48
Romance of the Three Kingdoms III: Dragon of Destiny,8,1992,12,48,0.29,0,0,0.0,81
Dungeons & Dragons Heroes,14,2003,4,10,0.26,0,0,0.0,48
Samurai Shodown V,14,2006,10,153,0.02,1192,3,29.0,101
Resident Evil: Outbreak,7,2003,9,12,1.45,48,2,39.65,85
Get Fit with Mel B,5,0,1,195,0.08,730,1,28.5,76
Rogue Trip: Vacation 2012,13,1998,3,13,0.38,0,0,0.0,48
Baseball,2,1983,1,0,3.2,0,0,0.0,44
Port Royale 3,6,0,8,206,0.07,515,3,4.45,85
Breath of Fire: Dragon Quarter,7,2002,4,12,0.19,48,3,42.45,4
Blades of Blood: Samurai Shodown III,13,1995,10,3,0.08,0,0,0.0,136
Tales of Legendia,7,2005,4,25,0.49,32,3,39.85,4
Spy Fiction,7,2003,9,8,0.04,796,2,30.5,85
Diner Dash: Sizzle & Serve,17,2007,5,21,0.12,0,0,0.0,14
Unit 13,23,2012,7,3,0.5,92,3,39.25,14
NCAA Football 08,6,2007,1,7,0.38,18,1,42.45,3
Burnout,20,2002,3,30,0.3,139,1,42.95,48
Corvette,7,2004,3,71,1.33,309,1,31.75,4
Major League Baseball 2K8,1,2008,1,2,0.14,0,0,0.0,44
Call of Duty: Black Ops 3,18,2015,7,4,7.39,0,0,0.0,14
U-Sing  2,1,2010,6,51,0.09,0,0,0.0,129
Microsoft Flight Simulator 2004: A Century of Flight,15,2003,8,1,0.07,376,1,48.1,14
Pro Angler Moves,6,2012,1,566,0.01,1667,1,0.0,3
Madagascar: Operation Penguin,9,2005,9,4,0.48,67,1,0.0,136
Tom Clancy's Ghost Recon,1,2010,7,5,0.12,68,3,26.4,9
Momotarou Dentetsu DS: Tokyo & Japan,4,2007,6,68,0.34,0,0,0.0,27
The Witcher 2: Assassins of Kings,15,2011,9,25,0.96,81,2,48.25,14
NHL Hitz 20-02,7,2001,1,39,0.56,168,1,42.8,70
Phantasy Star Online Episode I & II Plus,20,2003,4,8,0.05,0,0,0.0,48
Speed Racer,13,1996,3,99,0.07,0,0,0.0,48
SingStar Legends,7,2006,6,3,1.1,223,3,38.0,10
Monster Hunter Freedom,17,2005,4,12,1.34,48,3,39.8,48
TOCA Race Driver 2: Ultimate Racing Simulator,7,2004,3,34,0.06,0,0,0.0,4
The Hidden,11,0,11,53,0.08,112,4,2.1,136
Girls RPG: Cinderellife,11,2012,4,37,0.06,0,0,0.0,48
Elkrone no Atelier: Dear for Otomate,17,2012,9,323,0.02,0,0,0.0,101
AniMates!,4,2007,8,517,0.03,1131,1,17.75,160
NBA Live 98,13,1997,1,7,1.51,0,0,0.0,72
Tail of the Sun,13,1996,4,239,0.02,0,0,0.0,48
NHL FaceOff 2003,7,2002,1,3,0.23,398,1,27.5,70
Beatdown: Fists of Vengeance,14,2005,9,12,0.04,0,0,0.0,136
NHL Powerplay '96,13,1996,1,17,0.12,0,0,0.0,72
Mortal Kombat: Deadly Alliance,9,2002,10,39,0.01,139,2,44.9,136
Sengoku Basara: Sanada Yukimura-Den,6,2016,9,12,0.03,0,0,0.0,85
War Gods,12,1997,10,39,0.29,0,0,0.0,136
Homefront,15,2011,7,28,0.24,493,2,37.75,14
In the Hunt,13,1995,7,28,0.14,0,0,0.0,14
Barbie and the Three Musketeers,1,2009,11,4,0.23,242,1,0.0,69
Tekken Tag Tournament 2,6,2012,10,25,0.85,145,3,45.1,85
Gladius,7,2003,12,4,0.2,143,3,43.0,25
Hokuto no Ken,7,2007,10,8,0.05,0,0,0.0,85
Tears to Tiara: Garland of the Earth,6,2008,12,315,0.08,0,0,0.0,20
Road Rash 64,12,1999,3,28,0.24,0,0,0.0,48
Dragon Age: Origins,6,2009,4,7,1.67,116,2,47.45,4
Insecticide,4,2008,9,411,0.06,696,4,31.0,160
Virtual Pro Wrestling,13,1996,10,371,0.1,0,0,0.0,136
Dora & Kai-Lan's Pet Shelter,4,2011,12,2,0.1,0,0,0.0,20
Backyard NFL Football '09,1,2008,1,10,0.21,0,0,0.0,44
Meitantei Conan & Kindaichi Shounen no Jikenbou: Meguri au Futari no Meitantei,4,2009,11,25,0.08,0,0,0.0,20
RIFT,15,2011,4,53,0.67,529,3,45.65,48
Mirror's Edge,15,2009,2,7,0.06,29,3,44.55,72
EA Sports Active 2,6,2010,1,7,0.91,35,1,41.7,3
Super Mario Maker,19,2015,2,0,3.21,0,1,48.35,72
Calvin Tucker's Redneck Jamboree,1,2008,6,74,0.31,676,4,13.0,129
Momotarou Dentetsu 15,7,2005,6,68,0.22,0,0,0.0,10
The Lord of the Rings: Conquest,5,2009,9,7,0.63,93,3,31.0,85
Smash Court Tennis 3,17,2007,1,25,0.04,314,1,37.15,72
Command & Conquer 3: Tiberium Wars,15,2007,12,7,0.07,0,0,0.0,101
Yowamushi Pedal,11,2015,9,25,0.04,0,0,0.0,136
Truth or Lies,1,2010,6,28,0.1,166,3,0.0,129
Ontamarama,4,2007,9,91,0.05,1304,1,35.5,160
TRON: Evolution,6,2010,9,32,0.42,491,3,32.1,85
Superman Returns,4,2006,9,7,0.07,57,1,18.95,160
Atelier Ayesha: The Alchemist of Dusk,6,2012,4,48,0.26,690,3,38.3,4
The Cursed Crusade,6,2011,9,233,0.17,1040,2,25.0,85
Dexter's Lab Chess Challenge,9,2002,6,176,0.2,0,0,0.0,16
 Haikyu!! Cross Team Match!,11,2016,11,25,0.04,0,0,0.0,136
Robin Hood: Defender of the Crown,7,2003,12,12,0.19,996,3,32.3,25
Galaxy Fight,24,1994,10,240,0.04,0,0,0.0,101
WipEout Pure,17,2005,3,3,1.03,382,1,47.95,48
Steel Battalion: Heavy Armor,5,2012,6,12,0.13,163,2,20.2,10
Bleach: Dark Souls,4,2007,10,8,0.15,663,3,44.95,120
Moon,13,1997,11,49,0.18,0,0,0.0,101
The Sims 4: Get Together,15,2015,8,7,0.22,89,3,39.65,14
Tenchu: Shadow Assassins,17,2009,9,5,0.11,163,2,37.7,101
Resident Evil Director's Cut,13,1996,9,17,3.77,0,0,0.0,136
Nobunaga's Ambition: Sphere of Influence - Sengoku Risshiden,6,2016,6,48,0.04,0,0,0.0,10
MediEvil II,13,1999,9,3,0.38,0,0,0.0,136
NASCAR 2005: Chase for the Cup,7,2004,3,7,1.41,57,1,47.7,4
11eyes: CrossOver,17,2010,11,357,0.02,0,0,0.0,101
SpongeBob SquarePants: Plankton's Robotic Revenge,19,2013,7,4,0.05,592,4,3.1,14
Invizimals: The Alliance,23,2013,9,3,0.08,472,4,37.9,101
Ice Age: Dawn of the Dinosaurs,5,2009,9,4,0.12,242,4,37.75,85
Kawaii Koinu DS 3,4,2010,8,329,0.02,0,0,0.0,160
Truth or Lies,6,2010,6,28,0.09,166,3,0.0,10
Lord of Darkness,8,1991,9,48,0.28,0,0,0.0,66
Time Leap,5,2009,11,436,0.01,0,0,0.0,20
Madden NFL 09,17,2008,1,7,0.71,57,1,37.25,72
7th Dragon 2020-II,17,2013,4,8,0.13,0,0,0.0,48
WRC 5: FIA World Rally Championship,18,2015,1,340,0.01,0,0,0.0,72
Blazblue: Continuum Shift Extend,17,2012,10,221,0.01,0,0,0.0,101
Nickelodeon Dance,1,2011,6,2,0.24,337,1,0.0,129
Bully: Scholarship Edition,1,2008,9,2,0.5,106,3,45.7,56
Star X,9,2002,7,176,0.04,817,1,30.0,86
Dodge Racing: Charger vs Challenger,1,2009,3,201,0.12,1174,1,0.0,44
Disney's The Emperor's New Groove,13,2000,2,3,0.31,809,1,36.6,72
Game of Thrones,6,2012,4,82,0.24,880,2,29.25,4
Pokemon Battle Revolution,1,2006,4,0,1.58,157,1,29.85,129
Raven Squad: Operation Hidden Dagger,15,2009,7,374,0.02,1258,3,21.05,14
New Love Plus,11,2012,8,14,0.19,0,0,0.0,14
Omega Quintet,10,2014,4,266,0.02,910,3,32.55,48
LEGO Dimensions,18,2015,9,19,0.41,50,4,43.45,101
Power Pro Kun Pocket 10,4,2007,1,14,0.3,0,0,0.0,76
Sly Cooper: Thieves in Time,6,2013,2,16,0.54,525,4,41.65,3
Wii Sports Resort,1,2009,1,0,32.77,0,1,44.0,44
Duke Nukem Forever,5,2011,7,2,0.83,454,2,26.7,85
H2O+: Footprints in the Sand,7,2008,11,154,0.01,0,0,0.0,25
The Sims 2: University,15,2005,8,7,0.06,89,3,44.4,14
Doubutsu no Mori,12,2001,8,0,0.31,0,0,0.0,14
Red Faction II,20,2003,7,28,0.03,958,2,43.15,14
Brain Age: Train Your Brain in Minutes a Day,4,2005,6,0,20.15,0,1,42.45,27
Stuart Little 2,9,2002,2,4,0.46,660,1,29.5,15
Dream C Club,6,2012,8,58,0.02,0,0,0.0,85
The Lord of the Rings: Conquest,4,2009,9,7,0.1,250,4,34.4,160
ESPN Great Outdoor Games Bass 2002,9,2001,1,14,0.05,741,1,28.5,15
Black & Bruised,7,2003,10,23,0.16,0,0,0.0,85
Theme Hospital,13,1998,12,7,0.09,0,0,0.0,101
Chaos Legion,7,2003,9,12,0.3,48,3,36.6,85
Etrian Mystery Dungeon,11,2015,4,131,0.24,701,4,42.45,48
Digimon Rumble Arena 2,20,2004,10,10,0.04,1260,3,39.55,101
Shin Megami Tensei: Devil Survivor,4,2009,4,91,0.26,355,3,46.4,11
Master of Illusion,4,2006,5,0,0.43,679,1,34.5,27
Dance Dance Revolution: Mario Mix,20,2005,6,0,0.47,21,1,38.7,14
World of Warcraft: Warlords of Draenor,15,2014,9,170,0.47,41,3,46.45,14
Innocent Life: A Futuristic Harvest Moon,17,2006,8,70,0.16,234,1,37.4,14
Meitantei Conan: Kieta Hakase to Machigai Sagashi no Tou,4,2008,11,25,0.02,0,0,0.0,20
Sonic Lost World,19,2013,2,8,0.39,125,4,35.15,72
Green Lantern: Rise of the Manhunters,11,2011,9,19,0.13,243,4,22.95,136
FIFA 12,17,2011,1,7,0.52,0,0,0.0,72
SWAT: Target Liberty,17,2007,7,23,0.04,326,3,28.85,14
X-Men Legends,14,2004,4,4,0.9,161,3,45.25,48
Monster High: New Ghoul in School,6,2015,9,241,0.04,1469,1,0.0,85
Super Famista 5,8,1996,1,25,0.5,0,0,0.0,2
The Legend of Zelda: Link's Awakening,3,1992,9,0,3.83,0,0,0.0,160
Harvest Moon: A Wonderful Life,20,2003,4,5,0.79,468,1,43.95,48
Scooby-Doo! Night of 100 Frights,14,2003,2,28,0.14,0,0,0.0,72
Need for Speed Rivals,10,2013,3,7,1.98,200,4,43.1,48
Ms Saga: A New Dawn,7,2005,4,25,0.05,503,4,36.8,4
Brink,6,2011,7,6,0.73,381,3,38.9,40
MotoGP 15,18,2015,3,255,0.03,723,0,32.5,48
World Championship Poker,7,2004,6,97,0.95,414,1,33.85,10
MonHun Nikki: Poka Poka Ailu Mura G,17,2011,4,12,0.31,0,0,0.0,48
Babysitting Mania,4,2008,8,35,0.26,871,1,0.0,160
F1 2014,15,2014,3,34,0.1,306,1,32.9,48
Valkyrie Profile,13,1999,4,24,0.81,236,3,44.9,48
Crash of the Titans,4,2007,9,23,0.48,186,1,39.45,160
Haneru no Tobira DS: Tanshuku Tetsudou no Yoru,4,2007,6,25,0.04,0,0,0.0,27
War Leaders: Clash of Nations,15,2009,12,363,0.02,1618,3,3.2,101
Skylanders: Spyro's Adventure,5,2011,9,4,0.97,140,4,41.6,85
Bloody Roar,13,1997,10,17,0.39,0,0,0.0,136
Utawarerumono: Futari no Hakuoro,23,2016,6,315,0.06,0,0,0.0,14
Yars' Revenge,16,1982,7,10,0.78,0,0,0.0,14
The Amazing Spider-Man (Console Version),4,2012,9,4,0.2,0,0,0.0,160
Dora the Explorer: Dora Puppy,4,2009,6,2,0.43,0,0,0.0,27
Samurai Jack: The Amulet of Time,9,2003,2,84,0.22,512,3,31.5,15
Twisted Metal 2,13,1996,3,3,2.44,0,0,0.0,48
NHL 15,10,2014,1,7,0.6,18,4,31.8,15
DmC: Devil May Cry,10,2015,9,12,0.31,0,0,0.0,136
Mini Ninjas,5,2009,9,21,0.29,126,4,40.7,85
Dreamcast Collection,5,2011,6,8,0.24,180,3,29.1,10
Scooby-Doo! Unmasked,7,2005,2,28,0.25,0,0,0.0,70
2 Games in 1 Double Pack: Hot Wheels Velocity X / Hot Wheels World Race,9,2005,3,28,0.12,0,0,0.0,58
Barbie: Groom and Glam Pups,4,2010,9,28,0.43,688,1,0.0,160
Golden Nugget Casino DS,4,2005,6,35,0.02,561,3,0.0,27
Ridge Racer Unbounded,15,2012,3,25,0.02,728,3,39.0,48
Iron Man 2,17,2010,9,8,0.38,337,3,24.5,101
Famicom Remix Best Choice,11,2015,9,0,0.04,0,0,0.0,136
Sudoku Ball Detective,1,2009,5,289,0.04,1390,4,0.0,129
Disney's Tarzan Untamed,20,2001,2,5,0.18,52,1,34.2,72
Karaoke Revolution Volume 2,7,2004,6,14,0.23,58,1,41.5,10
Spider-Man: Mysterio's Menace,9,2001,9,4,0.61,67,1,46.35,136
Mega Man 7,8,1995,2,151,0.28,0,0,0.0,2
Wolfenstein: The Old Blood,18,2015,9,6,0.15,263,0,41.5,101
Plants vs. Zombies: Garden Warfare 2,10,2016,7,7,0.49,364,4,44.35,5
Bee Movie Game,5,2007,9,4,0.17,185,1,38.4,85
DEATH NOTE: L o Tsugu Mono,4,2007,11,14,0.02,0,0,0.0,20
"Hisshou Pachinko*Pachi-Slot Kouryaku Series Vol. 12: CR Shinseiki Evangelion - Shito, Futatabi",7,2008,6,58,0.12,0,0,0.0,10
BioShock 2,6,2010,7,2,1.54,183,2,48.1,40
NBA 2K10,7,2009,1,2,0.4,83,1,4.3,70
Crash Team Racing,13,1999,3,3,4.79,33,1,48.5,48
Yakuza,7,2005,9,8,0.8,269,2,41.6,85
PopCap Arcade Vol 1,5,2007,5,209,0.04,364,1,0.0,4
Kevin Van Dam: Big Bass Challenge,1,2010,1,74,0.03,0,0,0.0,44
Sniper Elite 3,5,2014,7,11,0.3,248,2,3.3,85
NBA Live 07,14,2006,1,7,0.06,18,1,37.9,72
Suzumiya Haruhi no Heiretsu,1,2009,11,8,0.02,0,0,0.0,69
Kyokugen Dasshutsu ADV: Zennin Shiboudesu,23,2012,11,120,0.03,0,0,0.0,101
Kamaitachi no Yoru 2: Tokubetsu Hen,17,2006,11,120,0.01,0,0,0.0,101
Professor Layton and the Last Specter,4,2009,5,0,2.67,49,4,45.85,27
Battlefield 3,5,2011,7,7,7.32,29,2,45.7,85
Reader Rabbit Kindergarten,4,2008,6,128,0.27,859,1,0.0,27
The Dukes of Hazzard: Racing for Home,13,1999,3,5,1.19,0,0,0.0,48
NBA In The Zone '98,12,1997,1,14,0.27,0,0,0.0,72
"What Did I Do to Deserve This, My Lord!? 2",17,2008,4,131,0.25,0,0,0.0,48
Spider-Man 3,5,2007,2,4,0.57,6,3,35.0,76
Max Payne,7,2001,7,2,3.31,106,2,44.25,40
Psycho-Pass: Mandatory Happiness,23,2016,11,131,0.02,1009,3,35.65,101
Unreal Tournament 2004,15,2004,7,10,0.02,37,2,50.95,14
Road & Track Presents: The Need for Speed,13,1995,3,7,1.0,0,0,0.0,48
Stolen,7,2005,9,317,0.04,1500,3,29.2,85
Derby Stallion II,8,1994,1,49,0.87,0,0,0.0,2
NFL Head Coach 09,6,2008,1,7,0.14,57,1,35.55,3
Nicktoons Collection: Game Boy Advance Video Volume 1,9,2004,6,0,0.64,0,0,0.0,16
The Sims 2,20,2005,8,7,0.33,89,3,40.65,14
"Warhammer 40,000: Dawn of War: Soulstorm",15,2008,12,28,0.02,0,0,0.0,101
Atari Flashback Classics: Volume 2,10,2016,6,10,0.02,1134,1,0.0,5
The Idolm@ster SP: Wandering Star / Perfect Sun / Missing Moon,17,2009,11,25,0.23,0,0,0.0,101
NASCAR 06: Total Team Control,7,2005,3,7,0.63,18,1,42.85,4
Bass Pro Shops: The Hunt,1,2010,1,166,0.23,915,3,0.0,44
Need for Speed: Shift 2 Unleashed,15,2011,3,7,0.19,0,0,0.0,48
Ken Griffey Jr.'s Slugfest,12,1999,1,0,0.29,0,0,0.0,72
Dragon Force II: Kamisarishi Daichi ni,24,1998,12,8,0.08,0,0,0.0,101
Clive Barker's Jericho,15,2007,7,34,0.01,794,2,35.25,14
WWE SmackDown vs. Raw 2010,5,2009,10,28,1.04,156,3,44.2,20
Barbie Fashion Show: An Eye for Style,4,2008,6,4,0.19,0,0,0.0,27
Rocket: Robot on Wheels,12,1999,2,5,0.12,0,0,0.0,72
Remember Me,15,2013,9,12,0.06,711,2,36.2,14
Lego Star Wars: The Force Awakens,23,2016,9,19,0.1,182,4,3.55,101
Deadly Arts,12,1998,10,14,0.04,0,0,0.0,136
Assault,16,1982,9,253,0.22,0,0,0.0,101
Wet,5,0,7,6,0.5,250,2,38.15,85
Batman: Return to Arkham,18,2016,9,19,0.11,866,3,42.6,101
Koudelka,13,1999,4,10,0.08,0,0,0.0,48
Gundam Breaker,6,2013,9,25,0.26,0,0,0.0,85
Worms 3D,14,2003,12,8,0.06,449,3,38.7,101
Terraria,10,2014,9,11,0.07,531,3,45.45,136
SOCOM: U.S. Navy SEALs,7,2002,7,3,3.65,92,2,44.95,40
Mafia II,5,2010,9,2,1.55,264,2,40.9,85
Super Bowling,12,1999,1,402,0.02,0,0,0.0,72
Final Fantasy VIII,13,1999,4,9,7.86,14,3,49.3,48
Hayate no Gotoku! Ojousama Produce Daisakusen Boku Iro ni Somare! Gakkou-Hen,4,2008,8,14,0.04,0,0,0.0,160
Famicom Mini: Nazo no Murasame-Jou,9,2004,9,0,0.07,0,0,0.0,136
Pro Yakyuu Team o Tsukurou!,4,2008,1,8,0.19,0,0,0.0,76
LEGO Rock Band,6,2009,6,19,0.42,64,4,41.3,10
Tom Clancy's Rainbow Six,13,1999,7,61,1.64,0,0,0.0,14
Hi-Octane: The Track Fights Back!,13,1995,3,7,0.05,0,0,0.0,48
Yes! PreCure 5,4,2007,9,25,0.04,0,0,0.0,160
ATV: Quad Power Racing,9,2002,3,236,0.26,429,1,24.5,58
Judge Dredd: Dredd Vs Death,14,2003,7,23,0.02,248,2,31.85,14
Super Puyo Puyo 2,8,1995,5,89,0.47,0,0,0.0,38
Conflict Zone,7,2002,12,5,0.21,946,3,27.2,25
Jikkyou Powerful Pro Yakyuu 4,12,1997,1,14,0.31,0,0,0.0,72
Kirby Squeak Squad,4,2006,2,0,1.94,204,1,39.55,11
TV Anime Idolm@ster: Cinderella Girls G4U! Pack Vol.6,6,2015,11,25,0.02,0,0,0.0,20
Puzzle Quest: Challenge of the Warlords,4,2007,5,58,0.34,112,4,45.35,27
Ultimate Spider-Man,7,2005,9,4,0.72,6,3,40.95,85
Virtua Fighter 5 Online,5,2007,10,8,0.28,219,3,48.3,20
T'ai Fu: Wrath of the Tiger,13,1998,9,4,0.15,0,0,0.0,136
Wipeout 2,4,2011,6,4,0.25,568,1,0.0,27
Big Brain Academy,4,2005,6,0,6.62,0,1,40.7,27
California Speed,12,1999,6,39,0.16,0,0,0.0,14
Gravitar,16,1982,9,10,0.38,0,0,0.0,101
NCAA College Basketball 2K3,14,2002,1,8,0.14,276,1,46.2,72
Lost Heroes,17,2012,4,25,0.07,0,0,0.0,48
Company of Heroes,15,2006,12,28,0.05,586,2,50.9,101
Men in Black II: Alien Escape,7,2002,7,52,0.5,318,3,28.65,40
Marvel Super Hero Squad: Comic Combat,1,2011,9,28,0.18,166,4,0.0,56
Mortal Kombat,23,2012,10,19,0.65,133,2,46.4,101
Tom Clancy's Splinter Cell: Conviction,15,2010,9,5,0.11,52,2,44.1,14
Terraria,5,2013,9,11,0.67,531,3,44.1,85
Yokai Sangokushi,11,2016,9,37,0.56,0,0,0.0,136
"Tennis no Oji-Sama: Doubles no Oji-Sama - Boys, Be Glorious!",4,2009,1,14,0.01,0,0,0.0,76
Turok,6,2008,9,129,0.67,491,2,36.5,85
World Snooker Championship 2007,5,2007,1,8,0.01,0,0,0.0,76
"The Chronicles of Narnia: The Lion, The Witch and The Wardrobe",14,2005,9,32,0.2,50,3,39.0,136
Hogan's Alley,2,1984,7,0,1.27,0,0,0.0,95
Curse of the Amsterdam Diamond,4,2012,5,526,0.01,0,0,0.0,27
Suggoi! Arcana Heart 2,7,2009,10,256,0.03,0,0,0.0,85
Guilty Gear Xrd: Sign,10,2014,10,221,0.16,0,0,0.0,136
Kanzen Chuuki Pro Yakyuu Greatest Nine,24,1995,1,8,0.22,0,0,0.0,72
Hometown Story,11,2013,4,70,0.43,685,4,26.5,48
ATV: Quad Frenzy,4,2005,3,35,0.11,561,1,17.5,11
Karaoke Revolution Presents American Idol Encore,5,2008,6,14,0.11,281,1,38.5,10
Rayman Raving Rabbids,4,2007,6,5,0.14,1093,1,31.05,27
Time and Eternity,6,2012,4,131,0.17,797,3,23.5,4
The Walking Dead: Season Two,5,2014,11,173,0.1,0,0,0.0,20
One Piece: Unlimited Adventure,1,2007,11,25,0.19,722,3,37.75,69
MLB 2K9 Fantasy All-Stars,4,2009,1,2,0.09,749,1,0.0,76
Contra: Shattered Soldier,7,2002,7,14,0.58,85,3,42.3,40
Need for Speed: The Run,1,2011,9,7,0.27,717,4,33.8,56
Plants vs. Zombies,4,2011,12,92,1.1,91,4,44.2,20
Tony Hawk's Pro Skater 3,13,2001,1,4,1.67,249,1,47.65,72
Blazing Heroes,24,1995,4,8,0.3,0,0,0.0,48
Slide Adventure: Mag Kid,4,2007,9,0,0.01,0,0,0.0,160
Sally's Salon,4,2008,8,12,0.13,48,1,0.0,160
Odin Sphere: Leifthrasir,23,2016,4,131,0.14,567,3,50.45,48
Tourist Trophy: The Real Riding Simulator,7,2006,3,3,0.68,0,0,0.0,4
F1 Pole Position 64,12,1997,3,5,0.25,0,0,0.0,48
Kyokugen Dasshutsu ADV: Zennin Shiboudesu,11,2012,11,120,0.03,0,0,0.0,136
FlatOut,14,2004,3,87,0.17,728,3,39.6,48
LEGO Pirates of the Caribbean: The Video Game,1,2011,9,32,1.55,50,4,40.0,56
Battlefield: Bad Company 2,6,2010,7,7,2.95,29,2,48.25,40
Wizardry VII: Gadeia no Houshu,13,1995,4,3,0.15,0,0,0.0,48
Yu-Gi-Oh! World Championship 2008,4,2007,12,14,0.28,0,0,0.0,20
Neopets Puzzle Adventure,4,2008,5,12,0.29,832,1,35.0,27
Brutal Legend,5,2009,9,7,0.97,406,2,45.0,85
Afro Samurai,5,2009,9,10,0.24,314,2,35.6,85
Just Dance 2016,18,2015,6,5,0.32,12,4,36.05,14
River City Super Sports Challenge,4,2010,1,221,0.03,1106,3,0.0,76
Pokemon Rumble World,11,2015,9,0,0.09,1273,4,32.2,136
NBA Starting Five,14,2002,1,14,0.02,69,1,26.75,72
Shaun White Skateboarding,6,2010,1,5,0.19,52,3,33.75,3
Naruto: Clash of Ninja 2,20,2003,10,0,1.04,379,3,41.45,101
NBA ShootOut 2004,7,2003,1,3,0.26,398,1,32.9,70
The Last of Us,6,2013,9,16,5.87,33,2,52.05,85
Dead Space 2,6,2011,7,7,1.42,189,2,48.7,40
Alundra,13,1997,4,85,0.23,191,3,47.5,48
Game of Thrones,15,2012,4,82,0.08,880,2,32.25,48
Hakuouki SSL: Sweet School Life,23,2014,11,323,0.05,0,0,0.0,101
Assassin's Creed IV: Black Flag,18,2013,9,5,2.23,12,2,3.7,101
Rugby League Live 3,18,2015,9,331,0.01,1013,1,3.55,101
Syndicate,15,1992,12,7,0.06,0,0,0.0,101
Bump 'n' Jump,16,1982,3,140,0.39,0,0,0.0,48
PDC World Championship Darts: Pro Tour,1,2010,1,347,0.11,0,0,0.0,44
Silent Scope,7,2000,7,14,0.38,85,2,31.5,40
NFL Blitz 20-02,7,2002,1,39,0.28,162,1,42.45,70
Brothers In Arms: Earned in Blood,14,2005,7,5,0.31,100,2,46.8,14
Matchbox Cross Town Heroes,9,2002,3,28,0.17,0,0,0.0,58
Aoishiro,7,2008,11,88,0.02,0,0,0.0,25
Hidden Invasion,7,2001,7,313,0.08,1317,3,22.4,40
Sword Art Online: Lost Song,10,2015,4,25,0.25,743,3,34.65,48
RalliSport Challenge(JP sales),14,2002,3,1,0.01,0,0,0.0,48
Chuck E. Cheese's Super Collection,1,2011,9,282,0.02,1018,1,0.0,56
Beowulf: The Game,5,2007,9,5,0.4,149,2,27.85,85
The Crew,10,2014,3,5,1.72,235,3,33.2,48
Finding Nemo,7,2003,9,28,2.09,0,0,0.0,85
Shadow The Hedgehog,7,2005,2,8,0.6,125,4,25.5,70
S.T.A.L.K.E.R.: Call of Pripyat,15,2009,7,25,0.06,1399,2,44.35,14
Backyard Baseball,7,2004,1,10,0.49,644,1,3.6,70
Half-Life,15,1997,7,23,4.12,77,2,52.55,14
Another Code R: A Journey into Lost Memories,1,2009,11,0,0.06,607,0,33.0,69
The Amazing Spider-Man (Console Version),11,2012,9,4,0.19,0,0,0.0,136
Beat Down: Fists of Vengeance,7,2005,9,12,0.17,267,2,28.05,85
Chuugaku Eitango Target 1800 DS,4,2006,6,141,0.07,0,0,0.0,27
MTV Music Generator 3: This Is the Remix,7,2004,6,34,0.14,1103,3,43.8,10
Hisshou Pachinko*Pachi-slot Kouryaku Series DS Vol. 3: Shinseiki Evangelion - Yakusoku no Toki,4,2008,6,58,0.03,0,0,0.0,27
RTX Red Rock,7,2003,7,18,0.08,143,3,27.0,40
EyePet & Friends,6,2011,8,3,0.17,0,0,0.0,85
Mahou Sensei Negima! Kagai Jugyou ~Otome no Dokidoki Beachside~,7,2006,11,14,0.03,0,0,0.0,25
ATV Offroad Fury: Blazin' Trails,17,2005,3,81,0.57,342,1,35.4,48
Geist,20,2005,11,0,0.15,374,2,37.25,101
Pocket Fighter,24,1998,10,12,0.03,0,0,0.0,101
We Sing Rock!,1,2011,6,128,0.07,0,0,0.0,129
Armed and Dangerous,14,2003,7,18,0.13,283,3,43.1,14
The Munchables,1,2009,9,25,0.18,301,1,39.6,56
DiRT 2,6,2009,3,34,0.99,294,3,47.6,4
The Incredibles: Rise of the Underminer,7,2005,9,28,0.36,172,4,33.55,85
Rugby World Cup 2011,6,2011,1,11,0.32,254,1,27.8,3
EyePet,6,2009,8,3,0.99,223,1,39.1,85
Densha de Go! Tokubetsu-hen: Fukkatsu Shouwa no Yamatesen,4,2010,8,15,0.02,0,0,0.0,160
Gakuen Hetalia Portable,17,2011,11,323,0.04,0,0,0.0,101
Gods Eater Burst,17,2010,9,25,0.66,538,3,39.45,101
Mystic Ark,8,1995,4,24,0.13,0,0,0.0,58
Guardian's Crusade,13,1998,4,4,0.12,0,0,0.0,48
A Ressha de Gyoukou 2001,7,2001,8,239,0.03,0,0,0.0,40
Prison Break: The Conspiracy,5,2010,9,41,0.21,889,3,22.35,85
Lego Batman 3: Beyond Gotham,10,2014,9,19,0.93,182,4,40.05,136
Journey,6,2012,11,16,0.21,949,1,50.4,20
Ore wa Shoujo Mangaka,17,2012,9,555,0.02,0,0,0.0,101
BeatMania IIDX 15: DJ Troopers,7,2008,8,14,0.03,0,0,0.0,40
SimCity Societies,15,2007,8,7,0.02,1504,4,33.65,14
Need for Speed Underground,7,2003,3,7,7.2,30,1,46.8,4
PAC-MAN and the Ghostly Adventures,19,2013,2,25,0.05,1315,4,32.25,72
Fireball,16,1981,9,210,0.33,0,0,0.0,101
Club Penguin: Elite Penguin Force - Herbert's Revenge,4,2010,11,32,0.65,0,0,0.0,20
Deadliest Warrior: Ancient Combat,6,2012,10,461,0.04,38,2,0.0,85
LEGO Indiana Jones: The Original Adventures,17,2008,9,18,1.17,50,4,41.8,101
Guitar Hero: Van Halen,5,2009,6,4,0.29,822,3,31.4,10
MLB 06: The Show,17,2006,1,3,0.35,421,1,45.75,72
Jack Keane,15,2008,11,206,0.03,1122,3,38.0,101
AeroFighters Assault,12,1997,9,62,0.19,0,0,0.0,136
Super Robot Taisen Impact,7,2002,12,56,0.65,0,0,0.0,25
Break 'Em All,4,2005,5,58,0.12,1164,1,34.0,27
Teenage Mutant Ninja Turtles: Mutants in Manhattan,5,2016,9,4,0.04,289,3,2.15,85
DanceDanceRevolution,1,2010,8,14,0.34,69,1,0.0,56
DiRT,6,2007,3,34,1.05,294,1,45.5,4
The Simpsons: Road Rage,9,2003,3,28,1.19,217,1,30.9,58
The King of Fighters '95,27,1995,10,244,0.2,0,0,0.0,101
Power Rangers: Ninja Storm,9,2003,6,28,0.33,495,1,31.4,16
Major League Baseball 2K12,6,2012,1,2,0.19,83,1,36.2,3
Battlefield 2: Modern Combat,5,2006,7,7,0.41,476,3,42.15,85
Robotics;Notes,6,2012,11,357,0.11,0,0,0.0,20
Houshinengi,13,1998,12,48,0.14,0,0,0.0,101
Ar tonelico: Melody of Elemia,7,2006,4,11,0.1,690,3,39.35,4
Angry Birds Star Wars,11,2013,12,4,0.34,293,1,1.5,35
Tetris Attack,8,1995,5,0,0.15,0,0,0.0,38
NCAA Football 08,5,2007,1,7,0.7,18,1,44.4,76
PaRappa The Rapper,13,1996,6,3,1.92,209,5,49.7,14
Zoo Tycoon (2013),5,2013,8,1,0.08,0,0,0.0,85
World Soccer Winning Eleven 2010: Aoki Samurai no Chousen,17,2010,1,14,0.16,0,0,0.0,72
Invizimals,17,2009,12,3,0.79,472,4,38.15,101
"Transformers: The Game (XBox 360, PS2, PS3, Wii & PC Versions)",7,2007,9,4,1.11,0,0,0.0,85
Elite Forces: Unit 77,4,2009,12,41,0.06,1374,3,30.5,20
Medal of Honor: European Assault,14,2005,7,7,0.53,36,3,39.5,14
GunParade Orchestra: Midori no Shou,7,2006,11,3,0.02,0,0,0.0,25
Otoko Yukaku,23,2015,9,58,0.02,0,0,0.0,101
USA Today Crossword Challenge,4,2008,5,160,0.12,837,3,0.0,27
Root Infinity Rexx,23,2015,11,323,0.02,0,0,0.0,101
Bode Miller Alpine Skiing,7,2006,1,351,0.03,335,1,3.3,70
Star Wars: Jedi Starfighter,7,2002,8,4,0.5,143,3,44.65,40
The Wolf Among Us,5,2011,11,173,0.03,0,0,45.35,20
Skate 2,5,2009,1,7,1.09,30,3,46.0,76
Super PickUps,1,2009,3,166,0.01,723,1,0.0,44
Shaun Palmer's Pro Snowboarder,7,2001,1,34,0.73,499,1,36.35,70
TRINITY: Souls of Zill O'll,6,2010,4,116,0.14,188,3,30.6,4
Sonic Boom: Shattered Crystal,11,2014,9,8,0.29,525,1,26.65,136
Virtua Fighter CG Portrait Series Vol.6: Lau Chan,24,1995,6,8,0.04,0,0,0.0,14
Tekken 4,7,2002,10,25,3.44,32,3,43.65,85
Koisuru Otome to Shugo no Tate: The Shield of AIGIS,7,2008,11,79,0.02,0,0,0.0,25
Disney's Donald Duck Advance,9,2001,2,5,0.07,0,0,0.0,15
Frogger's Adventures: Temple of the Frog,9,0,11,14,2.39,170,1,36.5,136
Call of Duty: World at War Final Fronts,7,2008,7,4,1.72,0,0,0.0,40
Frogger's Adventures: The Rescue,7,2003,2,14,0.32,69,1,33.75,70
Tom Clancy's EndWar,6,2008,12,5,0.66,149,3,41.3,20
Splat Renegade Paintball,14,2005,1,2,0.06,79,3,22.0,72
Ogre Battle 64: Person of Lordly Caliber,12,1999,4,0,0.41,0,0,0.0,48
Madden NFL 07,14,2006,1,7,1.02,57,1,45.85,72
Guitar Hero: Warriors of Rock,1,2010,6,4,0.96,409,3,42.25,129
Ice Climber,2,1985,2,0,1.5,0,0,0.0,44
NFL Street 2,20,2004,1,7,0.2,57,1,38.5,72
Armored Core 3 Portable,17,2009,8,227,0.08,163,3,24.85,14
Spirits & Spells,9,2003,2,172,0.01,0,0,0.0,15
Neopets Petpet Adventures: The Wand of Wishing,17,2006,11,3,0.12,313,1,36.85,101
Atsumare! Power Pro Kun no DS Koushien,4,0,1,0,0.1,0,0,0.0,76
Risen 3: Titan Lords,15,2014,4,41,0.09,920,2,35.35,48
Ballistic,13,1999,5,10,0.04,0,0,0.0,14
Saenai Kanojo no Sodatekata: Blessing Flowers,23,2015,9,357,0.02,0,0,0.0,101
WWE SmackDown vs. Raw 2009,7,2008,10,28,1.24,156,3,42.45,85
Cabela's Dangerous Hunts: Ultimate Challenge,17,2006,1,59,0.06,565,3,2.0,72
The Great Escape,7,2003,9,113,0.2,262,3,32.5,85
Persona 2: Eternal Punishment,17,2012,4,91,0.05,0,0,0.0,48
Cartoon Network: Punch Time Explosion XL,1,2011,10,67,0.08,0,0,0.0,120
Lego Batman 3: Beyond Gotham,5,2014,9,19,0.89,182,4,3.4,85
Exit,17,2005,5,5,0.08,51,1,42.35,14
Marvel Super Hero Squad,4,2009,10,28,0.41,166,4,31.9,120
Aquaman: Battle for Atlantis,20,2003,9,71,0.01,1681,3,15.05,101
NBA Street Homecourt,6,2007,1,7,0.15,35,1,43.75,3
ESPN MLB Baseball,14,2004,1,8,0.14,0,0,0.0,72
Doom 3,14,2005,7,4,1.34,67,2,47.7,14
Zapper: One Wicked Cricket!,7,2002,2,52,0.16,0,0,0.0,70
Rayman Arena,14,0,3,53,0.07,12,1,25.0,48
Kamiwaza,7,2006,9,307,0.05,0,0,0.0,85
Eragon,5,2006,9,23,0.14,65,3,26.85,85
Yu-Gi-Oh! GX: The Beginning of Destiny (JP sales),7,2007,12,14,0.02,0,0,0.0,25
Skylanders: SuperChargers,6,2015,9,4,0.37,67,4,2.1,85
Mario Bros.,16,1982,2,10,1.59,0,0,0.0,72
Mario Pinball Land,9,2004,6,0,0.69,518,1,33.45,16
Dragon Quest: Shounen Yangus to Fushigi no Dungeon,7,2006,4,15,0.29,0,0,0.0,4
Dream C Club Zero,5,2011,8,58,0.03,0,0,0.0,85
Summer Athletics 2009,5,2009,1,495,0.03,0,0,0.0,76
Littlest Pet Shop: Winter,4,2008,8,7,0.98,22,1,0.0,160
Ridge Racer DS,4,2004,3,25,0.15,32,1,34.85,11
Cooking Mama 5: Bon Appetit!,11,2013,8,477,0.03,0,0,0.0,14
Gungrave: Overdose,7,2004,7,97,0.14,991,2,38.35,40
WWF Attitude,12,1999,10,30,0.71,0,0,0.0,136
NHL 09,5,2008,1,7,0.5,35,4,48.2,76
Hayate no Gotoku! Ojousama Produce Daisakusen Boku Iro ni Somare! Oyashiki-Hen,4,2008,8,14,0.03,0,0,0.0,160
Dynasty Warriors 3,7,2001,9,28,1.87,188,3,43.55,85
Driven,20,2002,3,176,0.08,598,3,27.5,48
Game & Watch Gallery 4,9,2002,6,0,0.61,0,0,0.0,16
Flipper Critters,4,2007,8,230,0.03,714,1,30.0,160
MLB Power Pros 2008,7,2008,1,14,0.15,69,1,37.75,70
Barbie as The Island Princess,1,2007,11,4,0.45,664,1,0.0,69
Front Mission Alternative,13,1997,12,9,0.14,0,0,0.0,101
"Warhammer 40,000: Space Marine",15,2011,7,28,0.2,586,2,40.7,14
Ceville,15,2009,9,206,0.02,1597,1,40.6,14
Shin Nippon Pro Wrestling: Toukon Retsuden 3,13,1998,10,99,0.23,0,0,0.0,136
Ultimate Card Games DS,4,2008,12,183,0.08,1177,1,0.0,20
Tropico 4: Modern Times,15,2012,12,206,0.02,760,3,43.0,101
Tigger's Honey Hunt,13,2000,2,5,0.28,0,0,0.0,72
God of War II,7,2007,9,3,4.07,63,2,50.95,85
Jewel Quest: Expeditions,4,2007,5,194,0.22,871,1,34.0,27
Frogger: Ancient Shadow,7,2005,2,14,0.1,16,1,29.0,70
Fight Club,14,2004,10,23,0.11,224,2,20.85,101
"Hanayaka Kana, Ware ga Ichizoku: Tasogare Polarstar",17,2013,11,323,0.02,0,0,0.0,101
Heart no Kuni no Alice,7,2008,11,436,0.01,0,0,0.0,25
Shounen Sunday x Shounen Magazine: Nettou! Dream Nine,4,2009,1,14,0.07,0,0,0.0,76
Jikkyou Powerful Pro Yakyuu 10,7,2003,1,14,0.51,0,0,0.0,70
Pac-Man and the Ghostly Adventures 2,19,2014,11,25,0.07,558,4,3.5,101
PlayStation Move Heroes,6,2011,2,3,0.17,277,4,29.55,3
Daibakushou: Jinsei Gekijou,8,1995,6,94,0.03,0,0,0.0,63
Hamtaro: Ham-Hams Unite!,3,2001,4,0,0.56,0,0,0.0,27
Madden NFL 2003,14,2002,1,7,0.71,57,1,50.15,72
Princess Maker: Yumemiru Yosei,13,1997,12,3,0.19,0,0,0.0,101
Scurge: Hive,4,2006,9,81,0.06,1405,4,39.3,160
Injustice: Gods Among Us,10,2013,10,19,0.91,0,0,0.0,136
The King of Fighters '96,24,1996,10,244,0.21,0,0,0.0,101
Pachitte Chonmage Tatsujin 10: Pachinko Fuyu no Sonata,7,2007,6,378,0.09,0,0,0.0,10
Samurai Jack: The Shadow of Aku,7,2004,9,8,0.06,547,3,33.7,85
Homefront: The Revolution,10,2016,7,41,0.35,756,2,25.9,5
Fallout 3 Game Add-On Pack: Broken Steel and Point Lookout,5,2009,4,6,0.24,70,2,0.0,4
Dokapon Kingdom,7,2007,4,322,0.11,1102,4,33.75,4
Saka-Tsuku DS: Touch and Direct,4,2008,1,8,0.23,0,0,0.0,76
Rory McIlroy PGA Tour,10,2015,9,7,0.52,57,1,32.35,136
Sniper Elite V2,19,2013,7,11,0.02,248,2,31.9,14
Killing Floor 2 ,10,2016,7,318,0.05,1128,2,42.0,5
Date A Live: Arusu Install,6,2014,11,266,0.02,0,0,0.0,20
Skate it,1,2008,1,7,0.58,22,1,39.2,44
Medal of Honor: Infiltrator,9,2003,7,7,0.15,1090,3,43.6,86
NCAA Football 07,5,2006,1,7,0.73,18,1,42.95,76
LittleBigPlanet 3,10,2014,2,3,1.91,129,1,43.05,15
The Flintstones: Big Trouble in Bedrock,9,2001,2,313,0.03,0,0,0.0,15
Dynasty Warriors 6,7,2008,9,48,0.25,508,3,24.2,85
1701 A.D.,15,2006,8,41,0.3,820,4,43.65,14
The Sims 2: Open for Business,15,2006,8,7,0.52,89,3,43.3,14
Captain America: Super Soldier,6,2011,9,8,0.19,68,3,34.15,85
Nep League DS,4,2007,1,163,0.18,0,0,0.0,76
Operation Flashpoint: Red River,5,2011,7,34,0.28,294,2,37.55,85
Fire ProWrestling G,13,1999,10,190,0.19,0,0,0.0,136
Singstar: Ultimate Party,6,2014,6,16,0.09,0,0,0.0,10
Ratchet & Clank Collection,23,2014,9,3,0.02,0,0,0.0,101
EVE: Valkyrie,10,2016,7,260,0.1,963,3,39.65,5
MechAssault: Phantom War,4,2006,8,35,0.03,179,3,35.25,160
Knights in the Nightmare: DHE Series Special Pack,4,2008,4,322,0.01,0,0,0.0,11
Gundam SEED: Federation vs. Z.A.F.T.,7,2005,7,25,0.44,0,0,0.0,40
Mary-Kate and Ashley: Magical Mystery Mall,13,2000,11,30,0.65,0,0,0.0,101
FIFA Soccer 97,13,1996,1,7,0.16,0,0,0.0,72
Deer Hunter,7,2003,1,10,0.28,414,3,4.25,70
Road Rash: Jailbreak,9,2003,3,84,0.1,239,3,43.65,58
Tennis no Oji-Sama: Genius Boys Academy,9,2002,1,14,0.25,0,0,0.0,15
Army Rescue,1,2009,7,282,0.02,1625,1,0.0,9
Harukanaru Toki no Naka de: Maihitoyo,7,2006,11,48,0.04,0,0,0.0,25
Battlefield 1,18,2016,7,7,2.25,29,2,47.6,14
My Friends,4,2009,6,60,0.08,906,1,0.0,27
Little League World Series Baseball 2010,6,2010,1,4,0.08,301,1,30.5,3
Natural Doctrine,23,2014,4,131,0.07,1248,2,33.75,48
NCAA Football 2004,20,2003,1,7,0.15,18,1,48.25,72
The Sims 3,5,2010,8,7,2.28,23,3,41.55,85
Sousaku Alice to Oujisama!,11,2015,8,405,0.01,0,0,0.0,14
Space Jam,13,1996,1,30,0.92,0,0,0.0,72
Mass Effect Trilogy,5,2012,9,7,0.4,116,2,3.7,85
Tales of Phantasia: Narikiri Dungeon X,17,2010,4,25,0.21,0,0,0.0,48
Carnage Heart EXA,17,2010,12,239,0.02,810,4,0.0,101
BlazBlue: Chrono Phantasma Extend,6,2015,9,148,0.04,496,3,4.15,85
Sonic Adventure 2 Battle,20,2001,2,8,2.56,125,1,40.65,72
Guitar Hero: Van Halen,6,2009,6,4,0.27,60,3,31.85,10
Kart Racer,1,2009,3,128,0.05,1088,1,0.0,44
Dishonored 2,18,2016,9,6,0.22,237,2,47.4,101
SD Gundam: Gashapon Wars,1,2010,12,25,0.03,0,0,0.0,6
Daito Giken Premium Pachi-Slot Collection: Yoshimune,7,2006,6,345,0.03,0,0,0.0,10
Bass Pro Shops: The Hunt,5,2010,1,376,0.09,915,3,0.0,76
Mystery Stories: Curse of the Ancient Spirits,4,2011,11,98,0.09,386,4,0.0,20
Commandos: Strike Force,14,2006,7,21,0.02,969,3,31.0,14
Racquet Sports,6,2010,1,5,0.34,452,1,24.65,3
Bratz: The Movie,7,2007,8,28,0.48,281,1,2.5,40
Need for Speed Rivals,15,2013,3,7,0.25,200,4,39.65,48
Mega Man X Collection,20,2006,6,12,0.13,48,1,42.1,14
Samurai Jack: The Shadow of Aku,20,2004,9,8,0.02,547,3,29.5,101
Aa Megami-samaa,7,2007,11,214,0.01,0,0,0.0,25
Midnight Club 3: DUB Edition,14,2005,3,2,0.74,39,4,45.7,48
Wizardry: Tale of the Forsaken Land,7,2001,4,5,0.09,589,3,38.75,4
Metal Slug Anthology,1,2006,7,153,0.14,231,3,40.5,9
"Transformers: The Game (XBox 360, PS2, PS3, Wii & PC Versions)",1,2007,9,4,0.57,0,0,0.0,56
Silent Hill HD Collection,5,2012,9,14,0.19,69,2,37.3,85
Inazuma Eleven Go 2: Chrono Stone,11,2012,4,37,0.47,0,0,0.0,48
Livly Garden,4,2010,8,214,0.02,0,0,0.0,160
XGRA: Extreme G-Racing Association,7,2004,3,21,0.62,158,3,38.3,4
Tom Clancy's Rainbow Six 3: Black Arrow,14,2004,7,5,1.13,52,2,46.3,14
Madden Football 64,12,1997,1,7,0.86,0,0,0.0,72
Assault: Retribution,13,1998,9,324,0.13,0,0,0.0,136
Super Robot Taisen L,4,2010,12,25,0.17,0,0,0.0,20
Clock Tower,13,1996,11,49,0.53,0,0,0.0,101
Destiny: The Taken King,18,2015,7,4,1.19,11,3,47.1,14
Resident Evil (Remake),20,2002,9,12,1.42,0,0,0.0,101
F1 Career Challenge,7,2003,3,7,0.1,22,1,38.85,4
Crash Tag Team Racing,14,2005,3,23,0.13,311,4,38.4,48
Chameleon Twist,12,1997,2,240,0.11,0,0,0.0,72
Otogi: Myth of Demons,14,2002,9,8,0.13,163,3,44.25,136
Rock N' Roll Racing,8,1993,3,117,0.01,0,0,0.0,58
Shrek: Forever After,4,2010,2,4,0.3,0,0,0.0,11
RollerCoaster Tycoon 2: Triple Thrill Pack,15,2003,12,10,0.03,1575,1,1.6,101
Call of Duty: Black Ops 3,15,2015,7,4,0.26,0,0,0.0,14
Guitar Freaks & DrumMania: Masterpiece Gold,7,2007,8,14,0.02,0,0,0.0,40
LEGO Battles,4,2009,12,19,1.25,280,1,36.95,20
Colin McRae Rally 04,7,2003,3,34,0.94,0,0,0.0,4
Enslaved: Odyssey to the West,5,2010,9,25,0.54,257,3,44.9,85
Isshoni Gohan. Portable,17,2013,11,568,0.01,0,0,0.0,101
Pretty Rhythm Rainbow Live: Kira Kira My * Design,11,2013,6,197,0.08,0,0,0.0,14
Onimusha: Blade Warriors,7,2003,10,12,0.12,48,3,35.95,85
Batman: Return to Arkham,10,2016,9,19,0.26,866,3,40.75,136
Grand Prix,16,1981,3,4,0.48,0,0,0.0,48
Cursed Mountain,1,2009,11,41,0.21,952,2,37.3,69
Vitamin Z Revolution,17,2010,11,58,0.02,0,0,0.0,101
Disney Universe,6,2011,9,32,0.61,103,4,38.45,85
Zettai Meikyuu Grimm: Nanatsu no Kagi to Rakuen no Otome,17,2010,6,544,0.02,0,0,0.0,14
Silent Hill: Origins,17,2007,9,14,0.52,627,2,42.9,101
Shadow Man,12,1999,9,30,0.27,0,0,0.0,136
LEGO Harry Potter: Years 1-4,6,2010,9,19,1.31,50,4,43.5,85
Age of Conan: Rise of the Godslayer,15,2010,4,285,0.03,1029,2,45.7,48
Dungeon Maker: Hunting Ground,17,2006,4,394,0.03,1239,4,38.2,48
The Legend of Zelda: Phantom Hourglass,4,2007,9,0,5.08,0,1,49.0,160
Need for Speed: Most Wanted,9,2005,3,7,0.26,35,1,4.15,58
My Pet Shop (JP sales),4,2008,8,15,0.03,0,0,0.0,160
Yu Yu Hakusho: Dark Tournament,7,0,10,0,0.21,945,3,32.25,85
X-Men vs. Street Fighter,13,1997,10,12,0.42,0,0,0.0,136
50 Cent: Bulletproof,14,2005,9,23,0.44,224,2,27.95,136
Cabela's Dangerous Hunts 2011,6,2010,1,4,0.33,242,3,32.7,3
Mace Griffin: Bounty Hunter,14,2003,7,7,0.11,634,2,36.1,14
Ben 10: Protector of Earth,1,2007,9,58,1.23,337,4,35.35,56
Mini-Yonku GB: Let's & Go!!,3,1997,12,49,0.37,0,0,0.0,69
Guitar Hero II,5,2007,6,4,2.2,58,3,50.05,10
Castlevania: Harmony of Dissonance,9,2002,2,14,0.26,85,3,47.6,15
Hagane no Renkinjutsushi - Fullmetal Alchemist: Yakusoku no Hi e,17,2010,9,25,0.06,0,0,0.0,101
Guilty Gear Xrd: Sign,6,2014,10,221,0.18,0,0,0.0,85
All-Star Baseball 99,12,1998,1,30,0.48,0,0,0.0,72
BioShock,6,2008,7,2,1.42,286,2,51.35,40
Mace: The Dark Age,12,1997,10,13,0.19,0,0,0.0,136
Final Fantasy XI: Treasures of Aht Urhgan,7,2006,4,15,0.23,46,3,47.05,4
Prehistorik Man,9,2001,2,28,0.02,426,1,34.5,15
Warriors of Might and Magic,7,2001,11,76,0.17,733,3,26.75,25
Lord of Apocalypse,17,2011,4,15,0.1,0,0,0.0,48
The Sims 3,15,2009,8,7,8.01,23,3,46.8,14
Homefront,6,2011,7,28,0.9,279,2,37.85,40
Dragon Ball: Revenge of King Piccolo,1,2009,9,25,0.2,841,4,36.15,56
Heroes of Hellas 2: Olympia,4,2012,5,53,0.03,0,0,0.0,27
Castlevania: Lament of Innocence,7,2003,9,14,0.94,85,2,43.7,85
Fairy Fencer F,6,2013,4,131,0.19,910,3,36.2,4
Jikkyou Powerful Pro Yakyuu 2009,7,2009,1,14,0.15,0,0,0.0,70
Nightshade,7,2003,9,8,0.12,719,2,37.85,85
Yattaman Wii: BikkuriDokkiri Machine de Mou Race da Koron,1,2008,3,197,0.01,0,0,0.0,44
DS Nishimura Kyotaro Suspense 2 Shin Tantei Series: Kanazawa Hakodate - Gokkan no Kyoukoku - Fukushuu no Kage,4,2008,11,48,0.07,0,0,0.0,20
Borderlands: Double Game Add-On Pack,5,2010,7,2,0.13,100,2,0.0,85
Yu-Gi-Oh! Capsule Monster Coliseum,7,2004,6,14,0.44,0,0,0.0,10
Gold and Glory: The Road to El Dorado,13,2000,11,5,0.06,907,1,17.0,101
Sonic the Hedgehog 2 (8-bit),30,1992,2,8,0.04,0,0,0.0,72
Pokemon HeartGold/Pokemon SoulSilver,4,2009,9,0,11.77,0,0,0.0,160
Suujin Taisen,4,2007,12,0,0.03,0,0,0.0,20
Antz Extreme Racing,14,2002,3,87,0.02,1208,1,21.85,48
NHL Breakaway 99,12,1998,1,30,0.08,0,0,0.0,72
SD Gundam GNext,8,1995,12,25,0.2,0,0,0.0,81
The Legend of Zelda: The Wind Waker,19,2013,9,0,1.79,0,0,0.0,101
Mahou Shoujo Lyrical Nanoha A's Portable: The Battle of Aces,17,2010,7,25,0.12,0,0,0.0,14
Harry Potter and the Goblet of Fire,4,2005,9,7,0.23,239,1,37.0,160
Tokyo Xtreme Racer DRIFT,7,2003,3,105,0.18,272,1,33.8,4
Ocean Commander,1,2009,8,351,0.03,1578,1,0.0,56
Final Fight: Streetwise,14,2006,9,12,0.02,527,2,23.0,136
FIFA Soccer 09,5,2008,1,7,1.94,35,1,47.5,76
Pimp My Ride,1,2008,3,4,0.11,453,3,14.9,44
Assassin's Creed: Unity,10,2014,9,5,3.96,82,2,37.45,136
SBK 2011: FIM Superbike World Championship,6,2011,3,195,0.13,0,0,0.0,4
Colin McRae Rally 04,15,2004,3,34,0.01,294,0,47.1,48
NCAA Football 99,13,1998,1,7,1.06,0,0,0.0,72
Tom Clancy's Ghost Recon 2,14,2004,7,5,1.36,227,3,44.45,14
Assassin's Creed III,6,2012,9,5,6.45,12,2,45.95,85
Return to Castle Wolfenstein: Tides of War,14,2003,7,4,0.67,528,2,46.4,14
Pop'n Music Portable,17,2010,6,14,0.13,0,0,0.0,14
Warriors Orochi 3,6,2011,9,116,0.62,188,3,38.95,85
Sword Art Online: Game Director's Edition,10,2015,4,25,0.05,0,0,0.0,48
Duel Masters,7,2004,12,10,0.27,337,1,37.15,25
NASCAR: Dirt to Daytona,20,2002,3,52,0.09,412,1,46.15,48
Zenses: Rainforest,4,2008,5,102,0.12,659,1,29.5,27
LEGO Marvel Super Heroes,5,2013,9,19,2.22,182,4,43.8,85
NCAA Final Four 2003,7,2002,1,3,0.19,398,1,31.5,70
Virtua Tennis 2009,5,2009,1,8,0.33,129,1,38.1,76
The Penguins of Madagascar: Dr. Blowhole Returns - Again!,5,2011,9,28,0.11,0,0,0.0,85
NFL Blitz 20-03,14,2002,1,39,0.14,624,1,39.9,72
Haven: Call of the King,7,0,2,39,0.28,50,3,37.95,70
Watch Dogs 2,10,2016,9,5,1.13,52,2,45.4,136
Maken Shao: Demon Sword,7,2001,9,162,0.04,0,0,0.0,85
Solitaire Overload,4,2007,6,183,0.42,699,1,4.6,27
Toy Soldiers: War Chest,10,2015,9,5,0.07,213,0,34.85,136
Starry ? Sky: After Summer,17,2013,6,418,0.02,0,0,0.0,14
Dragon Ball Z: Budokai Tenkaichi 3,1,2007,10,10,1.02,122,3,40.2,120
Madden NFL 15,5,2014,1,7,2.05,18,1,2.75,76
Prince of Persia: Warrior Within,7,2004,9,5,1.64,52,2,45.75,85
Disney's Home on the Range,9,2004,9,32,0.17,250,1,32.5,136
Guilty Gear Dust Strikers,4,2006,10,35,0.05,496,3,32.9,120
Aquanaut's Holiday: Kakusareta Kiroku,6,2008,11,3,0.04,0,0,0.0,20
Ultimate Band,1,2008,6,32,0.23,444,4,32.25,129
Big League Sports: Summer,4,2009,1,4,0.11,1224,1,0.0,76
Fishing Resort,1,2011,1,25,0.39,718,1,38.0,44
Grisaia no Rakuen: Le Eden de la Grisaia,23,2014,11,436,0.02,0,0,0.0,101
Myth Makers: Orbs of Doom,1,2007,5,293,0.05,894,1,0.55,129
Atelier Escha & Logy: Alchemists of the Dusk Sky,23,2015,4,48,0.05,0,0,0.0,48
Aggressive Inline,20,2002,1,30,0.06,300,3,47.9,72
Super Formation Soccer 94,8,1994,1,190,0.37,0,0,0.0,2
Super Mario 64,4,2004,2,0,10.3,0,0,0.0,11
Ganbare Goemon 2: Kiteretsu Shougun Magginesu,8,1993,2,14,0.31,0,0,0.0,2
Nintendo Presents: Crossword Collection,4,2009,5,0,0.21,0,0,0.0,27
Moshi Monsters: Moshlings Theme Park,11,2012,6,4,0.28,375,1,0.0,14
Army Men: Soldiers of Misfortune,4,2008,7,74,0.11,1206,1,17.5,160
Edna & Harvey: Harvey's New Eyes,15,2011,11,143,0.08,0,0,0.0,101
Kirarin * Revolution: Tsukutte Misechao! Kime * Kira Stage,4,2007,8,14,0.1,0,0,0.0,160
Nicktoons: Movin',7,2004,9,28,0.32,74,1,0.0,85
Yu-Gi-Oh! GX: Tag Force 2,17,2007,12,14,0.41,0,0,0.0,101
Initial D: Street Stage,17,2006,3,8,0.1,0,0,0.0,48
Marvel: Ultimate Alliance,1,2006,4,4,0.4,67,3,40.15,129
Free Running,1,2009,1,356,0.04,248,3,0.0,44
Worms: Ultimate Mayhem,15,2011,12,53,0.04,449,4,36.9,101
Boxing,13,2000,10,162,0.07,0,0,0.0,136
J-League Pro Striker 2,21,1994,1,8,0.04,0,0,0.0,72
Metal Gear Solid VR Missions,13,1999,11,14,1.18,0,0,0.0,101
Record of Agarest War 2,6,2010,4,266,0.14,681,3,31.6,4
Power Rangers: S.P.D.,9,2004,9,28,0.44,495,4,0.0,136
Hasbro Family Game Night 2,1,2009,6,7,1.35,22,1,34.65,129
Ultimate NES Remix,11,2014,9,53,0.27,114,1,38.3,136
Petz Dogz Fashion,4,2008,8,5,0.84,12,1,0.0,160
Puyo Puyo Tetris,19,2014,5,8,0.02,0,0,0.0,14
Cabela's Dangerous Hunts 2009,1,2008,1,59,0.38,565,3,2.25,44
Disney's The Lion King: Simba's Mighty Adventure,13,2000,9,4,0.15,500,1,18.45,136
The Lost Chronicles of Zerzura,15,2012,11,233,0.05,1428,0,41.35,101
Blazing Angels 2: Secret Missions of WWII,5,2007,8,5,0.14,574,3,39.9,85
Gravity Falls: Legend of the Gnome Gemulets,11,2015,9,5,0.04,1481,1,25.9,136
Sins of a Solar Empire,15,2008,12,112,0.03,1517,3,47.6,101
Combat Elite: WWII Paratroopers,7,0,7,53,0.06,1401,3,27.0,40
X-Men: Destiny,5,2011,9,4,0.24,475,3,26.0,85
Teenage Mutant Ninja Turtles,7,2003,9,14,0.92,425,1,33.85,85
White Knight Chronicles: International Edition,6,2008,4,3,0.93,49,3,35.75,4
Enkaku Sousa: Sana e no 23 Hiai,17,2009,11,3,0.02,0,0,0.0,101
Monster Jam,5,2007,3,4,0.2,709,1,24.7,11
Winning Post 8 ,23,2014,3,48,0.04,0,0,0.0,48
Pirates of the Caribbean,14,2003,4,5,0.29,829,3,36.2,48
Mortal Kombat: Deadly Alliance,7,2002,10,39,2.49,162,2,43.9,85
Micro Machines V4,17,2006,3,34,0.02,1208,1,30.5,48
PlayStation All-Stars Battle Royale,23,2012,9,3,0.45,66,3,41.25,101
Norn9: Norn + Nonette,17,2013,11,323,0.04,0,0,0.0,101
Mass Effect 2,5,2010,4,7,3.1,116,2,52.45,4
Power Pro GB,3,1998,1,14,0.07,0,0,0.0,44
Fighting Vipers 2,22,2000,10,8,0.04,0,0,0.0,101
Resident Evil Director's Cut: Dual Shock Edition,13,1997,9,12,0.17,0,0,0.0,136
Deus Ex: Mankind Divided,10,2016,4,15,0.38,302,2,45.8,48
Alvin and the Chipmunks,7,2007,6,205,0.07,845,1,18.75,10
25 to Life,14,2006,7,21,0.17,691,2,24.1,14
Harry Potter and the Sorcerer's Stone,15,2001,9,7,0.06,1413,1,36.4,14
Stacked with Daniel Negreanu,17,2006,6,393,0.03,326,3,31.5,14
Victorious: Hollywood Arts Debut,4,2011,6,58,0.15,592,1,0.0,27
Disney's Chicken Little,9,2005,2,32,0.7,250,1,35.5,15
Rave Master,20,2002,10,14,0.05,69,3,33.15,101
Wipeout: In The Zone,5,2011,6,4,0.93,242,4,22.3,10
Kidou Senshi Gundam: Extreme VS,6,2011,10,25,0.54,0,0,0.0,85
Snow Portable,17,2007,11,436,0.02,0,0,0.0,101
Rugby League Live 3,5,2015,9,331,0.02,1013,1,3.5,85
Madagascar,9,2005,2,4,0.89,67,1,35.5,15
Okami,7,2006,9,12,0.63,551,3,51.15,85
Dynasty Warriors 8: Empires,18,2014,9,48,0.07,1023,3,32.4,101
The Talos Principle,10,2015,5,511,0.03,1076,4,48.2,5
Monster Guardians,9,2001,4,14,0.03,0,0,0.0,58
SSX,5,2012,1,7,0.7,35,1,44.2,76
Peak Performance,13,1997,3,40,0.03,0,0,0.0,48
Skylanders SWAP Force,19,2013,2,4,0.58,67,4,47.5,72
Call of Duty: Black Ops,1,2010,7,4,1.37,6,2,42.9,9
Kidou Senkan Nadesico,24,1997,12,8,0.15,0,0,0.0,101
Sugar + Spice! Anoko no Suteki na Nanimokamo,7,2008,11,79,0.01,0,0,0.0,25
Safari Adventures: Africa,4,2008,11,299,0.03,1395,1,0.0,20
Hidden Mysteries: Titanic - Secrets of the Fateful Voyage,1,2009,11,98,0.2,0,0,0.0,69
Battle Arena Toshinden URA,24,1995,10,8,0.03,0,0,0.0,101
MotoGP 14 ,23,2014,3,255,0.01,723,1,3.75,48
Midway Arcade Treasures 2,7,2004,6,39,0.68,179,2,37.0,10
Big Air,13,1999,1,73,0.19,0,0,0.0,72
Snood 2: On Vacation,4,2005,5,84,0.09,1261,1,23.0,27
Covert Ops: Nuclear Dawn,13,2000,9,3,0.24,0,0,0.0,136
CyberTiger,12,2000,1,7,0.06,0,0,0.0,72
Backyard Sports Football: Rookie Rush,1,2010,1,10,0.12,0,0,0.0,44
Rascal,13,1998,9,85,0.42,0,0,0.0,136
Aikatsu! 2-nin no My Princess,11,2013,9,25,0.26,0,0,0.0,136
Warriors: Legends of Troy,6,2011,9,48,0.19,999,2,25.5,85
Magic Encyclopedia: Moonlight,4,2010,6,276,0.01,0,0,0.0,27
Tom Clancy's HAWX 2,15,2010,9,5,0.05,12,3,34.9,14
Rampo,24,1995,11,8,0.03,0,0,0.0,101
Kousoku Card Battle: Card Hero,4,2007,12,0,0.11,0,0,0.0,20
Alien Monster Bowling League,1,2009,1,160,0.09,611,4,0.0,44
NASCAR 08,6,2007,3,7,0.23,57,1,31.0,4
Greg Hastings' Tournament Paintball Max'd,9,2006,7,4,0.03,1568,4,0.0,86
Mortal Kombat Trilogy,12,1996,10,13,0.96,0,0,0.0,136
Epic Mickey 2: The Power of Two,6,2012,9,32,0.47,434,1,31.65,85
Shrek SuperSlam,14,2005,9,4,0.09,249,4,40.15,136
Sword Art Online: Hollow Fragment,10,2015,4,25,0.12,0,0,0.0,48
Senjou no Waltz,23,2014,11,323,0.03,0,0,0.0,101
Max & the Magic Marker,4,2011,2,53,0.05,0,0,0.0,11
Final Fantasy XI: Rise of the Zilart,7,2003,4,15,0.13,0,0,0.0,4
7 Days to Die,18,2016,9,173,0.05,1119,2,20.1,101
IL-2 Sturmovik: 1946,15,2006,8,5,0.04,1433,3,47.4,14
Harukanaru Augusta 2: Masters,8,1993,1,338,0.12,0,0,0.0,2
CSI: Deadly Intent,1,2009,11,5,0.28,846,2,0.0,69
Harry Potter and the Prisoner of Azkaban,15,2004,9,7,0.04,1413,1,37.1,14
Midnight Mysteries: The Edgar Allan Poe Conspiracy,15,2009,11,98,0.03,802,3,0.0,101
Battlefield: Bad Company 2,5,2010,7,7,3.47,29,2,48.3,85
Hidden Mysteries: Vampire Secrets,4,2010,11,279,0.18,953,4,0.0,20
Pro Evolution Soccer 2014,11,2013,9,14,0.19,69,1,0.0,136
New Play Control! Donkey Kong Jungle Beat,1,2008,2,0,0.6,0,0,0.0,44
Forza Motorsport 3: Ultimate Edition,5,2010,3,1,0.04,0,0,0.0,11
Spectral Force Genesis,4,2008,4,125,0.09,1274,3,26.5,11
SoniPro,11,2014,11,489,0.01,0,0,0.0,136
Star Fox,8,1993,7,0,2.99,0,0,0.0,66
Makai Kingdom: Chronicles of the Sacred Tome,7,2005,4,48,0.12,579,3,42.15,4
Tom Clancy's Splinter Cell: Pandora Tomorrow,14,2004,9,5,1.48,149,3,50.8,136
Radiata Stories,7,2005,4,15,0.65,236,3,41.5,4
Monster Jam: Path of Destruction,17,2010,3,4,0.09,329,1,0.0,48
NHL 16,10,2015,1,7,0.63,553,4,41.75,15
Kekkon Zenya,24,1995,11,269,0.05,0,0,0.0,101
Army Men: Air Combat - The Elite Missions,20,2003,7,76,0.01,0,0,0.0,14
Super Collapse! II,9,2004,5,35,0.03,0,0,0.0,38
XCOM: Enemy Unknown,15,2012,12,2,0.71,246,2,48.6,101
MAG: Massive Action Game,6,2010,7,3,1.31,0,0,0.0,40
Shin Hayarigami,23,2014,11,131,0.05,0,0,0.0,101
XXX,9,2002,9,4,0.11,80,1,27.5,136
WRC 2: FIA World Rally Championship,15,2011,3,5,0.02,0,0,0.0,48
Titanfall 2,15,2016,7,7,0.08,127,2,46.5,14
NHL FaceOff 2001,13,2000,1,3,0.23,911,1,39.0,72
Codename: Panzers Phase Two,15,2005,12,363,0.01,1167,3,44.05,101
Stadium Games,9,2003,1,153,0.04,0,0,0.0,15
 Tales of Xillia 2,6,2012,4,25,0.84,247,3,39.45,4
Crash Bandicoot: The Wrath of Cortex,7,2001,2,20,5.42,50,1,36.55,70
Himawari: Pebble in the Sky Portable,17,2010,11,154,0.01,0,0,0.0,101
Salt Lake 2002,7,2002,1,21,0.14,852,1,26.25,70
The Walking Dead: Season Two,18,2014,11,173,0.14,0,0,0.0,101
Magician's Quest: Mysterious Times,4,2008,4,14,0.53,69,4,38.3,11
Jikkyou Powerful Pro Yakyuu 15,1,2008,1,14,0.08,0,0,0.0,44
Sniper: Ghost Warrior,6,2011,7,86,0.79,347,2,29.5,40
Hanaoni: Koisomeru Koku - Eikyuu no Shirushi,17,2011,11,323,0.04,0,0,0.0,101
Geometry Wars: Galaxies,4,2007,7,23,0.14,675,1,43.45,160
Velvet Assassin,5,2009,7,233,0.18,1024,2,31.55,85
Rugby Challenge 3,18,2016,1,395,0.01,1485,1,3.3,72
Hyperdimension Neptunia Victory,23,2014,4,266,0.07,0,0,0.0,48
NTRA Breeders' Cup World Thoroughbred Championships,7,2005,8,6,0.13,0,0,0.0,40
Gungnir: Mayari no Gunshin to Eiyuu Sensou,17,2011,4,91,0.13,0,0,0.0,48
Icewind Dale II,15,2002,4,117,0.01,521,3,45.65,48
Tiger Woods PGA Tour 2003,7,2002,1,7,1.64,18,1,48.45,70
Dead Space 2,15,2011,7,7,0.32,189,2,47.65,14
Dragon Ball Z: The Legacy of Goku I & II,9,2005,4,10,0.08,0,0,0.0,58
Jikkyou Powerful Pro Yakyuu 2000 Kaimakuban,13,2000,1,14,0.29,0,0,0.0,72
Jumper: Griffin's Story,7,2008,9,21,0.07,587,3,2.1,85
Tony Hawk's Underground 2,20,2004,1,4,0.5,60,3,45.45,72
Warhammer: Battle March,5,2008,12,41,0.11,1193,2,30.85,20
Attack on Titan (KOEI),18,2016,9,48,0.06,0,0,0.0,101
Squeeballs Party,1,2009,5,281,0.18,1014,4,29.5,129
Captain Rainbow,1,2008,11,0,0.01,0,0,0.0,69
SingStar Take That,7,2009,6,3,0.45,0,0,0.0,10
Sesame Street: Elmo's A-to-Zoo Adventure,4,2010,6,19,0.28,0,0,0.0,27
I Heart Geeks,4,2011,5,363,0.03,0,0,0.0,27
Rugby Challenge 3,6,2016,1,395,0.03,1485,0,0.0,3
"Sakura Wars: So Long, My Love",1,2010,4,208,0.1,1225,3,41.15,129
Fighting Fantasy: The Warlock of Firetop Mountain,4,2009,4,265,0.09,459,3,26.55,11
Quake III: Revolution,7,2001,7,7,0.21,169,2,45.6,40
The Elder Scrolls IV: Oblivion,5,2006,4,2,4.38,70,2,51.35,4
Running Wild,13,1997,3,43,0.09,0,0,0.0,48
Quantum Theory,6,2010,7,48,0.19,378,2,24.15,40
JASF: Jane's Advanced Strike Fighters,6,2011,8,41,0.11,1200,3,22.05,85
Automobili Lamborghini,12,1997,3,103,0.47,0,0,0.0,48
Ghost Trick: Phantom Detective,4,2010,11,12,0.38,48,3,46.0,20
LittleBigPlanet,6,2008,2,3,5.82,47,1,50.9,3
Turbo: Super Stunt Squad,1,2013,1,58,0.02,709,1,0.0,44
Keroro RPG: Kishi to Musha to Densetsu no Kaizoku,4,2010,4,25,0.07,0,0,0.0,11
Twisted Edge Extreme Snowboarding,12,1998,1,188,0.2,0,0,0.0,72
The Black Eyed Peas Experience,1,2011,6,5,0.61,104,3,0.0,129
Guitar Hero: World Tour,1,2008,6,4,3.62,67,3,46.8,129
Lost Heroes 2,11,2015,9,25,0.07,0,0,0.0,136
NASCAR Unleashed,5,2011,3,4,0.12,717,1,0.0,11
Dragon Ball Z: Burst Limit,5,2008,10,10,0.49,450,3,39.8,20
Blood Bowl,15,2009,1,82,0.04,1047,3,39.25,72
Ecco the Dolphin,21,1992,11,8,0.12,0,0,0.0,101
Mobile Suit Gundam Battlefield Record U.C.0081,6,2009,9,25,0.24,0,0,0.0,85
NBA 2K8,6,2007,1,2,0.55,83,1,43.9,3
The King of Fighters XIII,6,2011,10,70,0.3,775,3,42.6,85
Puzzle Kingdoms,4,2009,5,84,0.13,832,4,35.15,27
Super Monkey Ball,20,2001,5,10,1.46,269,1,47.45,14
Whac-A-Mole,9,2005,5,84,0.01,148,1,0.0,38
Football Academy,4,2009,1,7,0.01,0,0,0.0,76
Stacked with Daniel Negreanu,14,2006,6,393,0.03,1342,3,30.5,14
Pro Cycling Manager 2016,10,2016,1,82,0.08,0,0,0.0,15
Cookie & Cream,4,2007,2,11,0.02,0,0,0.0,11
How to Train Your Dragon 2,1,2014,11,241,0.18,709,4,0.0,69
Monster Jam,7,2007,3,4,0.24,709,1,2.95,4
City Builder,1,2010,6,469,0.04,587,1,0.0,129
WWE SmackDown vs. Raw 2011,1,2010,10,28,0.46,156,3,36.0,120
Beyond Good & Evil,14,2003,11,5,0.1,0,0,0.0,101
Knockout Kings 2002,14,2002,1,7,0.27,22,3,42.95,72
Shinkyoku Soukai Polyphonica,7,2007,11,436,0.02,0,0,0.0,25
X-Men Legends II: Rise of Apocalypse,17,2005,4,4,0.29,67,3,46.1,48
Avatar: The Last Airbender - The Burning Earth,4,2007,9,28,0.34,0,0,0.0,160
Jig-A-Pix: Pets,4,2009,5,201,0.04,1457,1,0.0,27
MotoGP 14 ,5,2014,3,255,0.08,723,1,0.0,11
Madden NFL 2002,14,0,1,53,0.58,18,1,49.05,72
Swords,1,0,10,53,0.03,1003,3,0.0,120
Madden NFL 09,14,2008,1,7,0.18,57,1,2.75,72
The Sims 2,15,2004,8,7,0.29,89,3,49.4,14
Zoobles! Spring to Life!,4,2011,6,4,0.13,0,0,0.0,27
Jissen Pachi-Slot Hisshouhou! Moujuu-Oh S,7,2002,6,100,0.28,0,0,0.0,10
187: Ride or Die,7,2005,3,5,0.15,12,2,29.4,4
Family Game Night 4: The Game Show,6,2011,6,7,0.11,22,1,0.0,10
Kakuto Chojin,14,2002,10,1,0.05,401,3,26.6,101
Killzone,7,2004,7,3,0.94,120,2,38.7,40
Pro Yakyuu Famista DS 2010,4,2010,1,25,0.08,0,0,0.0,76
The Legend of Zelda: Majora's Mask 3D,11,2015,9,0,2.34,174,4,49.0,136
F1 2009,17,2009,3,34,0.52,129,1,37.6,48
Road Trip: The Arcade Edition,20,2002,3,84,0.02,497,1,0.0,48
TMNT: Mutant Melee,14,2005,10,14,0.02,170,3,23.9,101
Frogger,16,1981,9,45,2.2,0,0,0.0,101
SpongeBob's Truth or Square (US sales),17,2009,9,28,0.39,0,0,0.0,101
Sing Party,19,2012,6,0,0.27,368,4,32.7,14
Need for Speed: Hot Pursuit,1,2010,3,7,0.46,293,4,26.85,44
Viking: Battle for Asgard,5,2008,9,8,0.44,218,2,38.0,85
NBA in the Zone 2000,12,2000,1,14,0.04,0,0,0.0,72
Shattered Union,14,2005,12,2,0.04,1491,3,36.45,101
Code Name: S.T.E.A.M.,11,2015,12,0,0.21,55,3,38.35,35
Sleepover Party,1,2009,6,5,0.04,0,0,0.0,129
NHL 06,20,2005,1,7,0.08,35,4,43.65,72
Exhibition Volume 03,14,2003,6,1,0.1,0,0,0.0,14
Dramatic Dungeon: Sakura Wars - Kimi Arugatame,4,2008,4,8,0.05,0,0,0.0,11
Countdown Vampires,13,1999,11,25,0.04,349,2,20.5,101
Mario Tennis: Power Tour,9,2005,1,0,0.52,226,1,44.5,15
Band Hero,1,2009,6,4,0.97,67,4,42.8,129
Tamagotchi Connection: Corner Shop 2,4,2006,8,25,0.97,209,1,33.0,160
Psychic Force,13,1996,10,30,0.16,0,0,0.0,136
Retro Game Challenge,4,2007,9,25,0.11,114,1,42.15,160
Disney Tangled,1,2010,9,32,0.67,0,0,0.0,56
San Goku Shi DS 3,4,2010,12,48,0.04,0,0,0.0,20
LEGO Harry Potter Collection,10,2016,9,19,0.15,1086,4,40.55,136
TOCA Race Driver 2: Ultimate Racing Simulator,14,2004,3,34,0.13,0,0,0.0,48
Skylanders: Spyro's Adventure,15,2011,9,4,0.1,140,4,1.75,14
Formula 1,13,1996,3,85,0.76,0,0,0.0,48
