Nome,Plataforma,Ano de lancamento,Genero,Publicadora,Vendas globais,Desenvolvedora,Classificacao,Media de pontuacao
Zoo Tycoon 2,15,2004,12,1,0.06,524,1,40.05
Yoake Yori Ruriiro na: Brighter than Dawning Blue,7,2006,11,403,0.07,0,0,0.0
PoPoLoCrois (JP sales),17,2005,4,153,0.08,0,0,0.0
BMX XXX,20,2002,1,30,0.06,300,2,32.5
World Soccer Winning Eleven 7,7,2003,1,14,0.24,0,0,0.0
Ty the Tasmanian Tiger,20,2002,2,7,0.27,213,1,38.85
Flip's Twisted World,1,0,2,53,0.06,135,1,23.5
Deca Sports 2,1,2009,1,68,0.8,160,1,24.5
Myst III: Exile,7,2002,11,5,0.28,848,1,32.0
The Sims 2: Castaway,7,2007,8,7,0.37,97,3,39.5
Super Mario Strikers,20,2005,1,0,1.61,68,1,42.35
Freekstyle,7,2002,3,7,1.06,367,1,44.15
Braid,15,2009,2,512,0.03,1563,4,49.3
Crash Bandicoot: The Huge Adventure,9,2002,2,20,1.73,67,1,42.95
Spectrobes: Beyond the Portals,4,2008,4,32,0.51,629,4,38.85
Skies of Arcadia Legends,20,2002,4,10,0.22,411,3,46.6
SD Gundam G Generation: Cross Drive,4,2007,12,25,0.26,0,0,0.0
pro evolution soccer 2011,15,2010,1,14,0.06,69,0,39.5
NCAA Football 10,17,2009,1,7,0.21,57,1,0.0
Dynasty Warriors 8,6,2013,9,48,0.6,188,3,38.25
Leisure Suit Larry: Magna Cum Laude,7,2004,11,23,0.34,337,2,33.15
Freestyle Metal X,20,2003,3,39,0.02,0,0,0.0
Front Mission 3,13,1999,12,9,0.52,0,0,0.0
Super Smash Bros. for Wii U and 3DS,11,2014,10,0,7.55,0,0,0.0
Wand of Fortune R,23,2016,11,323,0.02,0,0,0.0
Need For Speed: Undercover,1,2008,3,7,0.64,293,3,30.1
Blazing Angels: Squadrons of WWII,1,2007,8,5,0.83,12,3,31.85
My Word Coach,1,2007,6,5,0.51,12,1,34.0
Star Wars The Clone Wars: Jedi Alliance,4,2008,9,18,0.78,143,4,37.9
Winning Post,8,1993,1,48,0.53,0,0,0.0
Monster Force,9,2002,7,20,0.04,80,1,32.5
Disney Magical World,11,2013,11,0,0.92,199,1,39.25
The Idolm@ster: Live for You!,5,2008,6,25,0.07,0,0,0.0
Bionicle Heroes,20,2006,7,21,0.11,50,4,28.1
Berserk and the Band of the Hawk,10,2016,9,48,0.04,188,0,0.0
Intellivision Lives!,14,2004,6,67,0.05,0,0,0.0
Xiaolin Showdown,17,2006,9,14,0.06,992,4,29.5
Pro Pinball: Big Race USA,13,1999,8,2,0.66,533,1,34.5
Shin Megami Tensei II,8,1994,4,91,0.37,0,0,0.0
Shin Megami Tensei: Devil Survivor 2,11,2015,4,91,0.12,0,0,0.0
Peppa Pig: The Game,4,2008,6,112,0.87,0,0,0.0
Bakugan Battle Brawlers: Defenders of the Core,17,2010,9,4,0.15,301,4,0.0
Unchained Blades ,11,2011,4,242,0.04,883,3,36.4
Black,7,2006,7,7,1.25,139,2,43.7
NFL GameDay '97,13,1996,1,3,0.87,0,0,0.0
Animaniacs Ten Pin Alley,13,1998,1,72,0.66,0,0,0.0
Major League Baseball 2K10,1,2010,1,2,0.26,83,1,26.5
Gradius III and IV,7,2000,7,14,0.08,85,1,32.0
Nayuta no Kiseki,17,2012,9,246,0.14,0,0,0.0
Utawarerumono: Chiriyukusha e no Komoriuta,7,2006,11,315,0.11,0,0,0.0
Super Robot Wars BX,11,2015,9,25,0.13,0,0,0.0
Deus Ex: Mankind Divided,15,2016,4,15,0.03,1532,2,44.55
Fragile Dreams: Farewell Ruins of the Moon,1,2009,4,70,0.36,678,3,37.65
Don King Boxing,1,2009,1,2,0.26,874,3,27.5
Jikkyou Powerful Pro Yakyuu Next,1,2009,1,14,0.08,0,0,0.0
Naruto Shippuden: Ultimate Ninja Storm 2,6,2010,10,25,1.21,325,3,42.15
Command & Conquer: Red Alert Retaliation,13,1998,12,17,0.7,0,0,0.0
NCAA Football 09,7,2008,1,7,0.48,57,1,0.0
Mat Hoffman's Pro BMX 2,20,2002,1,4,0.04,167,3,35.0
Chicken Hunter,4,2007,7,537,0.02,1614,4,19.5
Sea Park Tycoon,4,2010,8,276,0.03,1189,1,0.0
Pro Evolution Soccer 2010,5,2009,1,14,0.81,69,1,42.8
Machine Head,13,1996,7,21,0.07,0,0,0.0
Chase: Hollywood Stunt Driver,14,2002,3,176,0.12,1166,3,33.7
Rapala Pro Bass Fishing 2010,1,2010,1,4,0.3,565,1,0.0
Zombie Army Trilogy,18,2015,7,262,0.11,248,0,34.6
Dynasty Warriors 6 (JP sales),7,2008,9,48,0.25,0,0,0.0
The Simpsons Game,6,2007,9,7,0.88,97,3,39.25
Winter Sports 2: The Next Challenge,4,2008,1,78,0.06,335,1,0.0
Winning Post 4,13,1999,1,48,0.15,0,0,0.0
Buzz! Master Quiz,17,2008,6,3,0.87,0,0,0.0
Scarface: The World is Yours,15,2006,9,23,0.04,311,2,40.25
Cars: Race-O-Rama,7,2009,3,28,0.47,402,1,0.0
Street Supremacy,17,2005,3,14,0.03,272,1,20.5
The Sims 2: Pets,17,2006,8,7,0.79,89,3,32.15
ESPN NHL 2K5,7,2004,1,63,0.88,276,1,47.05
Dora the Explorer: Dora Saves the Crystal Kingdom,7,2009,6,2,0.09,749,1,0.0
One Piece: Romance Dawn - Bouken no Yoake,11,2013,10,25,0.08,0,0,0.0
DS Kageyama Method: Dennou Hanpuku - Tadashii Kanji Kakitori-Kun,4,2007,6,269,0.1,0,0,0.0
Ro-Kyu-Bu! Lost Secret,17,2013,11,154,0.02,0,0,0.0
Diego's Build & Rescue,4,2010,9,2,0.08,0,0,0.0
Resistance 3,6,2011,7,3,1.48,73,2,45.4
Spot Goes to Hollywood,13,1996,2,17,0.07,0,0,0.0
Pac 'n Roll,4,2005,2,25,0.11,32,1,36.0
World of Final Fantasy,23,2016,4,15,0.21,46,4,42.8
World Destruction League: Thunder Tanks,7,2000,9,76,0.17,733,3,35.45
Remember Me,5,2013,9,12,0.18,711,2,38.75
Batman: Dark Tomorrow,14,2003,9,188,0.11,855,3,14.3
The Princess and the Frog,1,2009,2,32,0.46,243,1,0.0
Airborne Troops: Countdown to D-Day,7,2005,7,289,0.12,970,3,23.55
The Sims: Bustin' Out,9,2003,8,7,1.33,0,0,0.0
Professor Layton and the Unwound Future,4,2008,5,0,3.26,49,4,47.6
Hamster Tarou,3,1999,8,202,0.3,0,0,0.0
Final Fantasy Adventure,3,1991,4,9,0.38,0,0,0.0
Naruto Shippuden: Ninja Council 4,4,2007,9,0,0.22,927,4,24.5
Steal Princess,4,0,2,53,0.02,926,4,30.0
Cool Boarders 2,13,1997,1,44,2.25,0,0,0.0
Face Racers: Photo Finish,11,0,3,35,0.08,1042,1,0.0
SpongeBob SquarePants featuring Nicktoons: Globs of Doom,4,2008,9,28,0.57,495,1,3.0
Wonder Project J: Kikai no Shonen Pino,8,1994,8,24,0.43,0,0,0.0
Super Bomberman 2,8,1994,5,68,0.81,0,0,0.0
Obscure,14,2004,11,473,0.04,1011,2,37.2
XS Airboat Racing,13,2002,3,166,0.24,0,0,0.0
Major League Baseball 2K9,1,2009,1,2,0.26,564,1,32.75
Doom 3: Resurrection of Evil,14,2005,7,4,0.71,509,2,42.45
Worldwide Soccer,24,1994,1,8,0.06,0,0,0.0
Rage,6,2011,7,6,1.31,259,2,43.6
Frankenstein's Monster,16,1982,9,191,0.32,0,0,0.0
Sherlock Holmes: Crimes & Punishments,6,2014,11,82,0.07,0,0,0.0
World Poker Tour,9,2005,6,2,0.01,1015,1,0.0
Dark Sector,5,2008,7,58,0.48,493,2,39.75
The Mummy: Tomb of the Dragon Emperor,1,2008,9,23,0.09,103,3,22.7
Dragon Ball: Xenoverse 2,10,2016,9,25,0.71,117,3,40.4
Men in Black The Series: Crashdown,13,2001,7,52,0.06,0,0,0.0
The Land Before Time: Into the Mysterious Beyond,9,2006,2,102,0.01,0,0,0.0
Pirates of the Caribbean: The Curse of the Black Pearl,9,2003,2,71,1.29,316,1,27.6
Ukiyo no Shishi,6,2015,9,25,0.03,0,0,0.0
Classic NES Series: Excitebike,9,2004,3,0,0.25,0,1,33.0
Shaun Palmer's Pro Snowboarder,9,2001,1,4,0.36,495,1,29.0
Formula 1 06,7,2006,3,3,0.04,0,0,0.0
Bakugan: Battle Brawlers,4,2009,9,4,1.38,301,1,33.35
Pac-Man Party,1,2010,6,25,0.61,91,4,32.45
Zero no Tsukaima: Muma ga Tsumugu Yokaze no Nocturne,7,2007,11,214,0.02,0,0,0.0
Chrysler Classic Racing,4,2008,3,74,0.02,1385,1,0.0
Akai Katana Shin,5,2011,7,360,0.06,0,0,0.0
YoKai Watch Dance: Just Dance Special Version,19,2015,6,37,0.03,0,0,0.0
Alien: Isolation,10,2014,7,8,1.13,218,2,43.55
Zumba Fitness Rush,5,2012,1,11,0.18,135,4,39.6
Prince of Persia: Rival Swords,17,2007,9,5,0.11,38,3,41.1
Pizza Delivery Boy,1,2010,8,35,0.07,1356,1,0.0
A New Beginning,15,2010,11,41,0.06,0,0,0.0
Jikkyou World Soccer 2002,7,2002,1,14,0.04,0,0,0.0
Wetrix,12,1998,5,83,0.08,0,0,0.0
Monster Jam: Urban Assault,7,2008,3,4,0.13,709,1,0.0
Handball 16,10,2015,1,340,0.06,1035,1,1.5
SpongeBob SquarePants: Revenge of the Flying Dutchman,20,2002,2,28,0.2,361,1,37.15
Gegege no Kitarou: Youkai Daigekisen,4,2008,9,25,0.06,0,0,0.0
Alpha and Omega,4,2010,9,53,0.07,615,1,0.0
Maximum Racing: Crash Car Racer,1,2010,3,128,0.02,1088,1,0.0
Manhunt 2,17,2007,9,2,0.31,404,2,38.55
Petz Wild Animals: Dolphinz,4,2007,8,5,1.32,239,1,0.0
Ice Age: Dawn of the Dinosaurs,15,2009,9,4,0.02,242,4,33.5
Spider-Man: Edge of Time,1,2011,9,4,0.09,185,3,33.6
Wild ARMs 2,13,1999,4,3,0.67,0,0,0.0
Dance Dance Revolution Extreme,7,2004,8,14,2.13,85,1,43.0
Need for Speed Carbon,6,2006,3,7,1.23,35,4,41.15
Love Plus +,4,2010,8,14,0.23,0,0,0.0
Mimana Iyar Chronicle,17,2009,4,66,0.09,929,3,25.4
FIFA 14,10,2013,1,7,3.01,35,1,46.65
Rhythm Heaven: The Best+,11,2015,6,0,0.74,0,0,0.0
Sorcery Saga: The Curse of the Great Curry God,23,2013,4,70,0.03,1100,3,36.15
Shin Megami Tensei,13,2001,4,91,0.09,0,0,0.0
DJ Max Portable 3,17,2010,6,463,0.03,1554,4,2.3
Indy 500,16,0,3,10,0.27,0,0,0.0
Tales of Fandom Vol.2,7,2007,4,25,0.08,0,0,0.0
ChuChu Rocket!,9,2001,12,10,0.09,0,0,0.0
Monster Hunter Freedom 2,17,2007,4,12,2.57,48,3,40.35
"Barbie: Jet, Set & Style!",4,2011,6,28,0.42,0,0,0.0
Just Dance: Disney Party,5,2012,6,5,0.16,1062,1,0.0
Norn + Nonette: Last Era,23,2015,9,323,0.01,0,0,0.0
Nicktoons: Attack of the Toybots,7,2007,2,28,0.5,642,1,0.0
Condemned: Criminal Origins,5,2005,9,8,0.41,124,2,44.6
Ready 2 Rumble Boxing,13,1998,1,39,1.08,0,0,0.0
Medabots: Metabee,9,2002,4,77,0.05,0,0,0.0
All-Star Baseball 2003,9,2002,1,30,0.15,986,1,38.5
Terraria,6,2013,9,11,0.41,531,3,44.45
Scooby-Doo! Unmasked,20,2005,2,28,0.15,0,0,0.0
Metal Gear Solid Integral,13,1999,11,14,0.11,0,0,0.0
Disruptor,13,1995,7,117,0.13,0,0,0.0
Tekken 6,17,2009,10,25,0.32,314,3,45.1
LEGO Marvel's Avengers,19,2016,9,19,0.24,182,4,37.9
LEGO Star Wars III: The Clone Wars,17,2011,9,18,0.37,50,4,31.5
Battleborn,18,2016,7,2,0.15,100,3,39.1
Tago Akira no Atama no Taisou Dai-2-Shuu: Ginga Oudan Nazotoki Adventure,4,2009,11,37,0.03,0,0,0.0
X-Men: Next Dimension,14,2002,10,4,0.11,500,3,28.0
Blade II,7,2002,9,4,0.31,806,2,27.55
Tour de France 2011,5,0,3,82,0.05,1047,0,26.8
Guilty Gear XX Accent Core Plus,1,2009,10,148,0.03,496,3,41.65
Inazuma Eleven GO 3: Galaxy,11,2013,1,37,0.26,0,0,0.0
MLB Power Pros,7,2007,1,14,0.11,69,1,44.4
Nicktoons Collection: Game Boy Advance Video Volume 2,9,2004,6,0,0.22,0,0,0.0
San Goku Shi Taisen DS,4,2007,12,8,0.16,0,0,0.0
Saki: Achiga-Hen Portable,17,2013,11,79,0.02,0,0,0.0
Batman Beyond: Return of the Joker,13,2000,9,5,0.17,1039,0,2.15
O.D.T.: Escape... Or Die Trying,13,1997,11,85,0.12,0,0,0.0
The Settlers,4,2007,9,5,0.11,800,1,22.3
Kouchuu Ouja Mushi King,9,2005,9,8,0.72,0,0,0.0
Rio,4,2011,6,28,0.16,166,1,29.5
Tactics Ogre: Let Us Cling Together,17,2010,4,15,0.53,46,3,47.9
Ghostbusters: The Video Game,5,2009,9,10,0.63,231,3,43.75
Petz Dogz 2,7,2007,8,5,0.56,12,1,0.0
Crash: Twinsanity,7,2004,2,23,0.64,50,1,36.0
Wand of Fortune: Mirai e no Prologue,7,2010,11,323,0.01,0,0,0.0
Harvest Moon: Sunshine Islands,4,2008,8,70,0.57,0,0,0.0
Jikkyou Powerful Pro Baseball 2016,10,2016,1,14,0.17,0,0,0.0
EA Sports Active NFL Training Camp,1,2010,1,7,0.79,18,1,0.0
Disney Infinity,19,2013,9,32,0.6,260,4,39.3
JumpStart: Escape from Adventure Island,1,2009,11,178,0.41,706,1,34.0
Backyard NFL Football '09,4,2008,1,10,0.07,0,0,0.0
Saltwater Sportfishing,13,2001,1,2,0.22,0,0,0.0
From TV Animation One Piece: Grand Battle 2,13,2002,10,25,0.6,0,0,0.0
Phoenix,16,1981,8,10,0.45,0,0,0.0
Gauntlet: Dark Legacy,7,2001,9,39,1.15,162,3,40.65
NASCAR Heat Evolution,10,2016,3,444,0.05,1452,1,34.9
Earthworm Jim 2,9,2002,2,23,0.03,1530,1,25.35
Dead Space,6,2008,9,7,2.0,97,2,48.4
IHRA Drag Racing 2,7,2002,3,6,1.31,70,1,3.7
Alter Ego,15,1985,8,4,0.03,1526,3,32.4
Castrol Honda Superbike Racing,13,1998,3,28,0.13,0,0,0.0
The Evil Within,6,2014,9,6,0.84,222,2,3.8
NeverDead,6,2012,7,14,0.12,248,2,27.35
Bomberman,17,2006,5,14,0.15,21,1,40.0
Puzzle Guzzle,17,2007,5,332,0.02,1635,1,32.5
NBA 09: The Inside,6,2008,1,3,0.15,421,1,34.05
Miracle Girls Festival,23,2015,6,8,0.06,0,0,0.0
J-League Pro Soccer Club o Tsukurou '04,7,2004,1,8,0.36,0,0,0.0
MXGP 2,15,2016,3,255,0.01,0,0,0.0
Stormrise,6,2009,12,8,0.17,218,2,28.15
Killzone: Liberation,17,2006,7,3,0.89,120,3,42.65
Batman: The Brave and the Bold the Videogame,4,2010,9,19,0.29,278,4,41.0
MLB 08: The Show,7,2008,1,3,0.42,421,1,45.65
Memories Off: Yubikiri no Kioku,5,2010,11,357,0.02,0,0,0.0
G1 Jockey 4 2008,6,2008,1,48,0.01,0,0,0.0
NASCAR Thunder 2002,13,2001,3,7,0.42,168,1,37.95
Red Stone DS: Akaki Ishi ni Michibikareshi Monotachi,4,2011,4,53,0.01,0,0,0.0
Hot Shots Golf 3,7,2001,1,3,2.89,130,1,46.95
Monster Racers,4,2009,3,48,0.07,393,1,39.5
Frogger's Journey: The Forgotten Relic,9,2003,9,14,0.26,170,1,29.5
Busou Shinki: Battle Masters Mk. 2,17,2011,9,14,0.11,0,0,0.0
Tetris Worlds,9,2001,5,28,1.71,238,1,32.5
Ikaruga,20,2003,7,10,0.09,663,1,46.75
Jr. Pac-Man,16,1983,5,10,0.78,0,0,0.0
TimeShift,6,2007,7,23,0.16,703,2,38.15
Gouketuji Ichizoku 2: Chottodake Saikyou Densetsu,13,1995,10,91,0.1,0,0,0.0
Pokémon: Johto Photo Finish: Game Boy Advance Video,9,2004,6,0,0.15,0,0,0.0
RayCrisis: Series Termination,13,1999,7,40,0.02,51,1,33.5
Mount & Blade,15,2008,4,310,0.02,0,0,0.0
Vin Diesel: Wheelman,6,2009,3,5,0.32,0,0,0.0
How to Train Your Dragon 2,11,2014,11,241,0.25,709,4,0.0
Detana TwinBee Yahho! Deluxe Pack,13,1995,7,14,0.09,0,0,0.0
SingStar Motown,6,2009,6,3,0.17,0,0,0.0
F1 2016 (Codemasters),15,2016,3,34,0.03,0,0,0.0
Petz: Dogz Family,17,2009,8,5,0.08,1313,1,0.0
Project Gotham Racing,14,2001,3,1,2.12,187,1,46.6
Drill Dozer,9,0,2,53,0.05,24,1,44.65
Madagascar,4,2005,2,4,0.3,0,0,0.0
ESPN MLB Baseball,7,2004,1,8,0.2,0,0,0.0
Tony Hawk's Project 8,5,2006,1,4,0.49,60,3,44.3
Final Fight,8,1990,9,12,1.56,0,0,0.0
Samurai Warriors 2,5,2006,9,48,0.08,188,3,30.35
Grand Theft Auto IV,5,2008,9,2,11.01,3,2,52.95
From TV Animation One Piece: Grand Battle! 3,7,2003,10,25,0.32,0,0,0.0
Chou Gekijoban Keroro Gunsou: Gekishin Dragon Warriors de Arimasu!,4,2009,9,25,0.04,0,0,0.0
Hot Shots Tennis,7,2006,1,3,0.9,130,1,39.05
Jurassic: The Hunted,7,2009,7,4,0.14,242,3,0.0
Universal Studios Theme Parks Adventure,20,2001,6,188,0.1,1039,3,20.95
Ryu-koku,7,2006,11,499,0.02,0,0,0.0
Heavenly Sword,6,2007,9,3,1.65,257,3,43.65
Mercenaries: Playground of Destruction,14,2005,9,18,0.68,0,0,0.0
Theme Hospital,15,1997,12,7,2.4,169,5,4.5
Bahamut Lagoon,8,1996,4,9,0.62,0,0,0.0
Memories Off,17,2008,11,357,0.01,0,0,0.0
Kengo: Master of Bushido,7,2000,10,5,0.39,346,2,35.2
Smuggler's Run,7,2000,3,2,1.56,39,3,42.9
Hyakki Yagyou Kaidan Romance,17,2012,9,500,0.01,0,0,0.0
Winx Club: Mission Enchantix,4,2008,11,14,0.06,390,1,0.0
True Crime: New York City,20,2005,9,4,0.17,181,2,33.9
Mario vs. Donkey Kong: Mini-Land Mayhem!,4,2010,5,0,2.67,0,1,43.35
Tiger Woods PGA Tour 06,14,2005,1,7,0.48,18,1,43.05
Might & Magic Heroes VII,15,2015,12,5,0.09,0,0,0.0
Phineas and Ferb: Across the 2nd Dimension,6,2011,9,32,0.32,560,4,34.8
NBA Live 2004,7,2003,1,7,2.03,18,1,46.85
Madden NFL 2004,20,2003,1,7,0.51,57,1,50.85
NBA Live 99,13,1997,1,7,1.22,0,0,0.0
Colony Wars III: Red Sun,13,2000,8,85,0.12,0,0,0.0
Batman Beyond: Return of the Joker,12,2000,9,5,0.09,0,0,0.0
Worms 3D,7,2003,12,8,0.12,449,3,38.9
Unlimited Saga,7,2002,4,10,0.77,14,3,24.0
Adventure Island,2,1986,2,68,1.05,0,0,0.0
Mario vs. Donkey Kong: Tipping Stars,19,2015,5,0,0.01,344,1,38.7
The Flintstones: Bedrock Bowling,13,2000,1,5,0.13,0,0,0.0
Mario Hoops 3 on 3,4,2006,1,0,1.6,46,1,38.5
The Chronicles of Narnia: Prince Caspian,7,2008,9,32,0.4,50,3,37.0
Wu-Tang: Shaolin Style,13,1998,10,4,0.48,0,0,0.0
Boku no Natsuyasumi Portable 2: Nazo Nazo Shimai to Chinbotsusen no Himitsu,17,2010,11,3,0.07,0,0,0.0
Tales of Destiny 2,17,2007,4,25,0.12,0,0,0.0
Skylanders SWAP Force,1,2013,2,4,2.15,185,4,3.3
NCAA March Madness 2005,14,2004,1,7,0.28,35,1,43.9
Tom Clancy's Ghost Recon,20,2003,7,5,0.15,227,2,32.2
Dragon Ball Z: Idainaru Dragon Ball Densetsu,13,1996,10,25,0.19,0,0,0.0
SimAnimals,4,2009,8,7,0.52,22,1,38.75
Cabela's Dangerous Hunts 2011,5,2010,1,4,0.32,242,3,27.5
Hyperdevotion Noire: Goddess Black Heart,23,2014,4,323,0.13,1102,3,37.55
Puzzle Challenge: Crosswords and More!,7,2006,5,67,0.02,0,0,0.0
Desktop Tower Defense,4,2009,12,28,0.11,1194,1,0.0
Naruto Shippuden: Ultimate Ninja Storm 2,5,2010,10,25,0.78,325,3,41.25
FIFA Soccer 2005,20,2004,1,7,0.14,35,1,43.25
Starry ? Sky: In Winter,17,2011,6,418,0.03,0,0,0.0
Zaidan Houjin Nippon Kanji Nouryoku Kentei Kyoukai Koushiki Soft: 200 Mannin no KanKen: Tokoton Kanji Nou,4,2006,6,141,0.66,0,0,0.0
Shrek: Ogres & Dronkeys,4,2007,8,4,0.28,0,0,0.0
Dragon Ball: XenoVerse,6,2015,10,25,0.48,117,3,3.55
Super Scribblenauts,4,2010,5,19,1.46,184,4,44.6
Alfa Romeo Racing Italiano,7,2005,3,195,0.01,723,1,3.4
Turok: Rage Wars,12,1999,7,30,0.37,0,0,0.0
Saki: Zenkoku-hen,23,2015,6,427,0.06,0,0,0.0
Shrek 2,20,2004,2,4,1.02,109,1,38.2
Danganronpa Another Episode: Ultra Despair Girls,23,2014,9,131,0.21,701,2,40.2
World Stadium 5,13,2001,1,25,0.09,0,0,0.0
"The Chronicles of Narnia: The Lion, The Witch and The Wardrobe",20,0,9,32,0.28,50,3,35.5
Metroid Prime Hunters,4,2006,7,0,0.76,0,3,46.5
Gormiti: The Lords of Nature!,4,2010,11,14,0.06,0,0,0.0
Marvel Super Hero Squad: The Infinity Gauntlet,11,2011,9,28,0.1,166,4,27.0
Arslan: The Warriors of Legend,10,2015,9,48,0.09,188,3,37.8
The Order: 1886,10,2015,7,3,1.74,232,2,34.8
Donkey Kong Country Returns,11,2013,2,0,1.89,0,0,0.0
Slam Dunk: Yonkyo Taiketsu!!,8,1994,1,25,0.27,0,0,0.0
Spy Hunter 2,14,2003,3,39,0.13,162,3,28.5
Bubble Bobble Evolution,17,2006,5,70,0.03,789,1,23.5
Star Wars Jedi Knight II: Jedi Outcast,14,0,7,4,0.31,67,3,43.9
Monster Lab,1,2008,4,21,0.31,179,4,40.7
Boing! Docomodake DS,4,2007,5,153,0.05,0,0,0.0
Sonic Rivals,17,2006,3,8,1.42,179,1,35.9
FIFA Soccer 08,5,2007,1,7,1.35,35,1,44.95
Wordfish,4,2008,5,5,0.08,12,1,0.0
Petz Dogz 2,1,2007,8,5,0.57,12,1,0.0
E.T. The Extra-Terrestrial: Interplanetary Mission,13,2001,2,5,0.04,0,0,0.0
Cartoon Network Collection: Game Boy Advance Video Volume 2,9,2004,6,0,0.08,0,0,0.0
Syberia II,15,2004,11,473,0.02,1228,3,44.15
Dead to Rights: Retribution,5,2010,7,25,0.21,840,2,34.0
MLB 99,13,1998,1,3,0.86,0,0,0.0
NCAA Final Four 2001,13,2000,1,3,0.16,398,1,27.5
Deer Drive,1,2009,1,127,0.75,490,3,0.0
Mario Party 8,1,2007,6,0,8.27,21,1,34.15
SimCity Creator,1,2008,8,7,0.46,22,1,36.9
Ballblazer Champions,13,1997,1,107,0.02,0,0,0.0
Cho~ricchi! Tamagotchi no Puchi Puchi Omisecchi,11,2012,9,25,0.07,0,0,0.0
Mystery Tales 2: The Spirit Mask,4,2011,5,53,0.02,1519,4,0.0
Pro Evolution Soccer 2013,17,2012,1,14,0.27,69,1,0.0
Galaxy Racers,4,2010,3,5,0.05,1467,1,0.0
Ridge Racer,23,2011,3,25,0.17,1025,4,23.85
Jikkyou Powerful Pro Yakuu '94,8,1994,1,14,0.41,0,0,0.0
Headhunter: Redemption,7,2004,9,8,0.04,726,2,34.35
Devil Dice,13,1998,5,28,1.26,0,0,0.0
Strike Witches: Aoi no Dengekisen - Shin Taichou Funtousuru!,4,2009,9,90,0.03,0,0,0.0
Burnout Paradise,6,2008,3,7,1.94,139,4,47.35
Tomb Raider: Underworld,6,2008,9,21,1.26,330,3,41.1
Haunted House,1,2010,9,10,0.13,1134,4,20.5
Skylanders Giants,5,2012,9,4,1.3,140,4,43.3
Empire: Total War,15,2009,12,8,1.08,218,3,48.45
Ciel Nosurge: Ushinawareta Hoshi e Sasagu Uta,23,2012,11,243,0.1,0,0,0.0
Kaijuu Busters,4,2009,9,25,0.12,0,0,0.0
Bakugan Battle Brawlers: Defenders of the Core,4,2010,9,4,0.48,301,4,0.0
Princess on Ice,4,2008,1,11,0.05,496,1,0.0
Momu-chan Diet Wii: Figurobics by Chon Dayon,1,2010,6,68,0.09,0,0,0.0
Pikmin 3,19,2013,12,0,1.11,0,4,47.85
Margot's Word Brain,4,2008,5,74,0.07,1145,4,0.0
Polly Pocket: Super Splash Island,9,2003,9,178,0.24,0,0,0.0
Touch 'N' Play Collection,4,2010,6,347,0.05,1284,1,0.0
Vexx,20,2003,2,30,0.06,310,3,39.15
Famicom Mini: Super Mario Bros. 2,9,2004,2,0,0.42,0,0,0.0
Gladiator: Sword of Vengeance,14,2003,9,30,0.05,1175,2,36.05
Green Day: Rock Band,5,2010,6,31,0.41,707,3,40.8
Umihara Kawase Jun: Second Edition Kanzenban,4,2009,5,565,0.01,0,0,0.0
NCAA Football 09 All-Play,1,2008,1,7,0.16,35,1,27.4
Beastly,1,2011,6,53,0.03,362,4,0.0
Metal Fight Beyblade: Choujou Kessen! Big Bang Bladers,4,2010,9,68,0.02,0,0,0.0
Dragon Ball Z: Battle of Z,23,2014,10,25,0.11,810,3,36.75
My Animal Centre,1,2009,8,41,0.02,0,0,0.0
Steins;Gate,23,2013,11,148,0.1,1009,2,46.1
Panzer Dragoon,24,1995,7,8,0.37,0,0,0.0
Stunt Race FX,8,1993,3,0,0.35,0,0,0.0
SpongeBob: HeroPants,23,2015,2,4,0.01,242,1,2.55
God of War Collection,23,2014,9,3,0.2,962,2,40.2
Ore no Imouto ga Konna ni Kawaii Wake ga Nai Happy EnD,6,2013,8,25,0.04,0,0,0.0
NCAA Football 07,14,2006,1,7,0.56,18,1,47.45
Disney Channel: All Star Party,1,2010,6,32,0.28,444,1,0.0
Rocksmith 2014,6,2013,6,5,0.98,0,0,0.0
Monster House,20,2006,11,28,0.14,250,4,30.0
International Superstar Soccer,8,1994,1,14,0.28,0,0,0.0
Outdoors Unleashed: Africa 3D,11,2011,1,180,0.01,689,3,0.0
Winning Post 5,7,2001,1,48,0.13,0,0,0.0
Darkwatch,7,2005,7,5,0.32,72,2,41.2
Green Day: Rock Band,6,2010,6,31,0.41,707,3,41.15
Grand Theft Auto: Vice City,15,2003,9,2,0.04,3,2,51.4
Karaoke Revolution,7,2003,6,14,0.35,58,1,46.05
SpongeBob: HeroPants,11,2015,2,4,0.04,242,1,0.0
Hatsune Miku: Project Diva f,23,2012,6,8,0.23,180,3,44.5
RealSports Volleyball,16,1981,1,10,0.13,0,0,0.0
Agile Warrior F-111X,13,1995,8,17,0.14,0,0,0.0
John Deere: Harvest in the Heartland,4,2007,8,5,0.29,375,1,21.5
Airship Q,23,2015,2,493,0.03,0,0,0.0
Peter Pan in Disney's Return to Never Land,13,2002,2,3,0.02,0,0,0.0
Aikatsu! 365 Idol Days,11,2014,11,25,0.13,0,0,0.0
The Sims: Bustin' Out,7,2003,8,7,2.43,89,3,44.7
Commander: Conquest of the Americas,15,2010,12,310,0.03,1547,3,36.6
Fatal Fury 2,8,1993,10,152,0.45,0,0,0.0
XCOM: Enemy Unknown,5,2012,12,2,0.62,246,2,49.15
Summon Night 5,17,2013,4,25,0.15,1091,3,41.15
Port Royale 3,5,0,8,206,0.07,515,3,30.25
Myst III: Exile,14,2002,11,5,0.06,848,1,27.5
How to Train Your Dragon,5,2010,9,4,0.14,585,4,32.8
Twisted Metal,13,1995,9,3,1.56,0,0,0.0
Super Mario 64,12,1996,2,0,11.89,0,0,0.0
NCIS,1,2011,11,5,0.13,12,3,0.0
Metroid Prime 3: Corruption,1,2007,7,0,1.79,40,3,49.45
Kyoukai Senjou no Horizon Portable,17,2013,11,154,0.05,0,0,0.0
Romance of the Three Kingdoms VII,7,2000,12,48,0.32,393,1,40.35
Grandia II,7,2002,4,5,0.29,9,3,39.8
Top Spin 4,6,2011,1,2,0.69,264,1,44.85
Hatsune Miku: Project Mirai DX,11,2015,6,8,0.32,180,4,44.25
Spore Hero Arena,4,2009,8,7,0.19,192,1,25.8
Combat,16,0,9,10,1.25,0,0,0.0
Sins of a Solar Empire: Trinity,15,2010,12,206,0.04,1517,3,3.95
Jewel Quest Mysteries: Curse of the Emerald Tear,4,2010,5,194,0.28,0,0,0.0
EverQuest Online Adventures,7,2003,4,75,0.43,360,3,41.1
MapleStory DS,4,2010,4,509,0.03,0,0,0.0
Hoppie,4,2011,2,193,0.02,1004,1,0.0
The Simpsons: Road Rage,14,2001,3,7,1.05,94,3,34.65
Naruto Shippuden: Clash of Ninja Revolution 3,1,2009,10,0,0.51,379,3,41.05
Madden NFL 08,14,2007,1,7,0.29,57,1,41.0
Armored Core SL: Silent Line Portable,17,2009,8,227,0.03,0,0,0.0
Destruction Derby Arenas,7,2004,3,3,0.13,1112,3,32.4
Ms. Pac-Man Maze Madness,13,2000,5,25,0.44,0,0,0.0
DeathSmiles II,5,2010,7,360,0.03,0,0,0.0
F1 Championship Season 2000,7,2000,3,7,0.16,18,1,35.5
Shin Koihime Musou: Otome Ryouran * Sangokushi Engi - Wei-Hen,17,2010,11,443,0.03,0,0,0.0
Armorines: Project S.W.A.R.M.,13,2000,7,30,0.08,0,0,0.0
Wii de Asobu Chibi-Robo!,1,2009,11,0,0.05,0,0,0.0
Invizimals: Shadow Zone,17,2010,12,3,0.29,472,4,4.5
X-Men: Mutant Academy 2,13,2001,10,4,0.72,500,3,40.2
Pure Futbol,5,2010,1,5,0.18,861,1,22.95
SpongeBob's Truth or Square,5,2009,9,28,0.07,172,1,3.25
Harvest Moon: Another Wonderful Life,20,2004,4,214,0.24,468,1,39.6
Tantei Jinguuji Saburo DS: Kienai Kokoro,4,2008,11,221,0.03,0,0,0.0
GT Legends,15,2005,3,10,0.02,1027,1,46.3
ECW Anarchy Rulz,13,1999,10,30,0.11,310,1,24.65
Dead Rising 2: Off the Record,5,2011,9,12,0.27,261,2,39.75
Mortal Kombat Kollection,7,2008,10,39,0.08,162,2,0.0
NES Remix,19,2014,9,0,0.28,114,1,39.05
Crackdown 2,5,2010,7,1,1.12,356,2,38.0
Football Manager 2017,15,2016,8,8,0.09,271,1,42.65
Jikkyou Powerful Pro Yakyuu Wii Ketteiban,1,2007,1,14,0.03,0,0,0.0
LEGO Batman: The Videogame,4,2008,9,19,3.05,64,4,40.0
WWE 2K16,5,2015,1,2,0.43,156,3,2.7
Kamen Rider: Battride War Genesis,10,2016,9,25,0.06,0,0,0.0
Call of Duty: Modern Warfare 3,6,2011,7,4,13.32,5,2,45.6
Star Wars: Shadows of the Empire,12,1996,9,0,2.65,0,0,0.0
Two Worlds II,15,2011,4,53,0.2,511,2,41.25
NBA Street Homecourt,5,2007,1,7,0.5,35,1,44.1
Ken to Mahou to Gakuen Mono. 3,17,2010,4,307,0.13,0,0,0.0
God of War: Ascension,6,2013,9,3,2.25,63,2,43.75
LEGO Star Wars II: The Original Trilogy,7,2006,9,18,2.69,50,4,46.5
Steins;Gate 0,23,2015,11,148,0.09,1009,2,47.65
Disney Infinity 2.0: Marvel Super Heroes,23,2015,9,32,0.06,0,0,0.0
My Horse & Me,4,2007,1,10,0.36,0,0,0.0
Euro Truck Simulator 2,15,2012,9,320,0.13,643,0,43.85
Ace Combat 2,13,1997,8,3,0.89,32,3,45.6
Alpha Protocol,5,2010,4,8,0.39,78,2,35.1
Cross Channel: In Memory of All People,5,2011,11,463,0.02,0,0,0.0
The Urbz: Sims in the City (all regions sales),4,2004,8,7,0.44,0,0,0.0
MTX Mototrax,14,2004,3,4,0.1,877,1,39.5
Mystery Case Files: The Malgrave Incident,1,2011,11,0,0.32,525,1,36.6
Rondo of Swords (US sales),4,2007,4,88,0.16,0,0,0.0
The Golden Compass,17,0,9,8,0.37,110,4,16.05
Alleyway,3,1989,5,0,1.94,0,0,0.0
Winter Sports 2011,1,2011,1,233,0.07,1311,0,0.0
Metal Gear Solid HD Edition,23,2012,9,14,0.39,0,0,0.0
Gloria Union,17,2011,4,91,0.03,0,0,0.0
Call Of Duty 2: Big Red One,7,2005,7,4,2.67,6,3,42.6
Bomberman,4,2005,5,5,0.15,589,1,41.0
Super Football,16,1987,1,10,0.08,0,0,0.0
Phoenix Wright: Ace Attorney,4,2005,11,12,0.92,48,3,45.1
Crash 'N' Burn,7,2004,3,21,0.21,342,3,35.5
Spider-Man: Edge of Time,11,2011,9,4,0.12,185,3,28.2
Bomberman Hero,12,1998,2,0,0.47,0,0,0.0
World Championship Poker 2: Featuring Howard Lederer,17,2005,6,11,0.14,661,3,33.9
Squishy Tank,4,2010,5,77,0.07,495,1,0.0
Kaidan Restaurant: Ura Menu 100-Sen,4,2010,6,25,0.08,0,0,0.0
Ultimate Card Games,9,2003,6,183,0.12,1177,1,43.5
Guitar Hero III: Legends of Rock,5,2007,6,4,4.53,60,3,46.45
Bomberman Story DS,4,2007,4,70,0.02,0,0,0.0
Merv Griffin's Crosswords,1,2008,5,28,0.11,38,1,0.0
Crash of the Titans,5,2007,9,23,0.32,311,4,35.65
Shellshock: Nam '67,14,2004,7,21,0.22,120,2,32.5
G Darius,13,1997,7,28,0.07,0,0,0.0
Ratatouille,4,2007,9,28,1.25,0,0,0.0
echochrome,17,2008,5,3,0.09,1270,1,43.35
Jelly Belly: Ballistic Beans,1,2009,5,84,0.02,1624,1,0.0
Hulk,20,2003,9,20,0.19,311,3,39.2
Tom Clancy's Ghost Recon 2,7,2004,7,5,1.08,363,3,32.0
NBA Live 2003,20,0,1,7,0.3,35,1,45.1
Guitar Hero: On Tour Decades,4,2008,6,4,1.57,67,4,40.0
Kamen Rider Ryuki,13,2002,9,25,0.14,0,0,0.0
Ookami Kakushi,17,2009,9,14,0.04,0,0,0.0
Dood's Big Adventure,1,2010,2,28,0.24,166,1,28.0
The New York Times Crosswords,4,2007,5,35,0.45,221,3,42.85
Armored Core 3,7,2002,8,139,0.67,163,3,41.5
Guilty Gear Isuka,7,2004,10,11,0.1,496,3,40.25
FIFA 17,6,2016,1,7,0.73,27,1,1.65
Gadget Racers (PAL),7,2002,3,84,0.02,0,0,0.0
World Cup '98 France: Road to Win,24,1998,1,8,0.09,0,0,0.0
Championship Surfer,13,2000,1,140,0.06,213,1,28.5
Mega Man Legacy Collection,11,2016,2,12,0.21,80,1,42.05
Spyro: Attack of the Rhynocs,9,2003,2,20,0.3,80,1,39.75
Science Papa,4,2009,6,4,0.1,242,1,0.0
Pacific Liberator,1,2009,9,74,0.03,1564,3,0.0
Barbie Horse Adventures: Blue Ribbon Race,9,2003,1,178,0.37,0,0,0.0
Desire,24,1997,11,312,0.14,0,0,0.0
Dance Dance Revolution Disney Mix,13,2000,8,14,0.04,69,1,41.15
Secret Files 2: Puritas Cordis,15,2009,11,41,0.04,1515,3,35.55
NBA Live 08,7,2007,1,7,0.72,35,1,37.3
Daikaijyuu Monogatari II,8,1996,4,68,0.12,0,0,0.0
Haneru no Tobira Wii: Girigirissu,1,2007,6,25,0.02,0,0,0.0
SD Gundam G Generation: Overworld,17,2012,12,25,0.31,0,0,0.0
Boogie SuperStar,1,2008,6,7,0.24,258,4,4.3
Platinum Sudoku,4,2007,5,5,0.04,536,1,0.0
Go Play: City Sports,1,2009,1,35,0.09,1202,1,0.0
Circus Atari,16,0,9,10,0.46,0,0,0.0
Gekikuukan Pro Yakyuu: At the End of the Century 1999,7,2000,1,9,0.54,0,0,0.0
Itadaki Street 2: Neon Sign wa Bara Iro ni,8,1994,6,24,0.29,0,0,0.0
Nisekoi: Yomeiri!?,23,2014,11,14,0.03,0,0,0.0
187: Ride or Die,14,2005,3,5,0.06,31,2,28.95
Gladiator: Sword of Vengeance,7,2003,9,30,0.12,1175,2,35.4
PachiPara 3D,11,2011,6,392,0.02,0,0,0.0
Tiger Woods PGA Tour 12: The Masters,1,2011,1,7,0.34,22,1,45.85
Asphalt: Urban GT,4,2004,3,5,0.59,536,1,33.75
Alien: Isolation,5,2014,7,8,0.28,218,2,4.1
World Tour Soccer 2002,7,2001,1,3,0.14,223,1,42.25
Diablo III,6,2013,4,4,1.91,41,2,46.2
Courier Crisis,13,1997,3,147,0.15,0,0,0.0
Front Mission 4,7,2003,12,15,0.54,46,3,41.8
Simple 2000 Series Vol. 105: The Maid Fuku to Kikanjuu,7,2006,9,58,0.02,0,0,0.0
Tiger Woods PGA Tour 10,5,2009,1,7,0.65,57,1,43.45
Prey,15,2006,7,2,0.03,237,0,0.0
Saint Seiya: Brave Soldiers,6,2013,10,25,0.07,117,0,31.2
Cartoon Network Racing,4,2006,9,102,0.05,717,1,27.5
Knockout Kings 2003,20,2002,1,7,0.15,18,3,42.25
Uprising X,13,1998,9,76,0.07,0,0,0.0
Jade Cocoon: Story of the Tamamayu,13,1998,4,67,0.27,0,0,0.0
Area 51,14,2005,7,39,0.29,577,2,40.05
Sega Rally Revo,17,2007,3,8,0.25,728,1,40.6
Need for Speed (2015),15,2016,3,7,0.03,0,0,0.0
Igor: The Game,1,2008,11,363,0.1,990,1,0.0
Watch Dogs,10,2014,9,5,4.05,52,2,43.15
Rollcage,13,1999,3,85,0.21,0,0,0.0
Prince of Persia: The Sands of Time,20,2003,9,5,0.32,12,3,50.2
Open Season,17,2006,2,5,0.07,12,4,0.0
The Kore Gang,1,2010,2,462,0.04,1483,4,39.3
Dance Dance Revolution Extreme 2,7,2005,8,14,1.14,170,4,42.5
Growlanser Generations,7,2003,4,91,0.11,935,3,44.35
Teenage Mutant Ninja Turtles 2: Battle Nexus,7,2004,9,14,0.44,425,3,27.4
Royal Palace of White Sword and The City of Gentiles,14,2005,4,2,0.09,0,0,0.0
Aggressive Inline,7,2002,1,30,0.35,300,3,46.85
Lumines ll,17,2006,5,32,0.3,0,0,0.0
Trauma Center: Under the Knife 2,4,2008,8,91,0.11,1223,3,43.75
007: Quantum of Solace,5,2008,9,4,1.48,6,3,36.05
Little Red Riding Hood's Zombie BBQ,4,2008,7,160,0.04,1503,3,37.65
LEGO Star Wars: The Video Game,20,2005,9,21,1.41,0,0,0.0
Hour of Victory,5,2007,7,39,0.13,1155,3,20.0
The Golf Club,18,2014,1,53,0.03,254,1,34.7
Avatar: The Last Airbender,4,2006,11,28,0.33,91,1,35.2
Tiny Toon Adventures: The Great Beanstalk,13,1998,6,3,0.31,0,0,0.0
Clash of the Titans,6,2010,9,25,0.31,488,3,21.35
Neon Genesis Evangelion,24,1996,11,8,0.44,0,0,0.0
Hakuouki: Shinsengumi Kitan,6,0,11,53,0.01,0,0,0.0
Puppet Show 3: Lost Town,15,2011,5,82,0.02,0,0,0.0
Charm Girls Club: Pajama Party,1,2009,6,7,0.15,22,1,0.0
Pokémon Stadium 2,12,2000,12,0,2.73,0,0,0.0
Section 8,5,2009,7,81,0.27,863,3,38.15
Red Orchestra 2: Heroes of Stalingrad,15,2011,7,318,0.14,1128,2,41.65
Rayman 3: Hoodlum Havoc,15,2003,2,5,0.03,12,1,41.15
NHL 2005,20,2004,1,7,0.07,18,1,40.3
Battlefield 2: Modern Combat,14,2005,7,7,0.56,476,3,44.1
ESPN X Games Skateboarding,9,2001,1,14,0.18,170,1,0.0
NHL 2002,9,2002,1,7,0.12,221,1,0.0
WWE Day of Reckoning,20,2004,10,28,0.45,156,3,44.05
Psychonauts,7,2005,2,35,0.09,221,3,47.35
Marvel Nemesis: Rise of the Imperfects,7,2005,10,7,0.77,479,3,29.65
DmC: Devil May Cry,6,2013,9,12,0.79,257,2,45.15
Nobunaga no Yabou: Reppuuden,13,1999,12,48,0.2,0,0,0.0
NBA Live 09,17,2008,1,7,0.39,18,1,3.65
Daito Giken Koushiki Pachi-Slot Simulator Hihouden: Taiyou o Motomeru Monotachi,6,2013,6,518,0.03,0,0,0.0
The Crew,18,2014,3,5,0.64,235,3,34.95
All-Pro Football 2K8,6,2007,1,2,0.15,83,4,40.15
FIFA Soccer 2003,14,2002,1,7,0.63,35,1,47.85
Earth Defense Force: Insect Armageddon,5,2011,7,58,0.19,558,3,38.1
Parasite Eve II,13,1999,4,9,0.58,14,2,44.0
Spec Ops: Ranger Elite,13,2001,7,108,0.87,439,3,27.3
Tenchu: Shadow Assassins,1,2008,9,5,0.21,198,2,38.9
Kirarin * Revolution: Kira Kira Idol Audition,4,2006,8,14,0.11,0,0,0.0
Virtua Striker 2,22,1999,1,8,0.32,0,0,0.0
Pariah,14,2005,9,317,0.1,493,2,38.7
Crash Superpack: Crash Bandicoot 2: N-Tranced / Crash Nitro Kart,9,2005,6,23,0.12,0,0,0.0
Strike Witches 2: Iyasu Naosu Punipunisuru,4,2010,9,154,0.02,0,0,0.0
Dragon Quest Heroes II: Twin Kings and the Prophecy's End,6,2016,9,15,0.13,0,0,0.0
Star Wars Trilogy: Apprentice of the Force,9,2004,9,5,0.42,12,1,30.0
Agatha Christie: Evil Under the Sun,1,2008,11,305,0.08,635,3,26.65
Super Robot Taisen XO,5,2006,12,56,0.01,0,0,0.0
World Championship Poker,9,2004,6,67,0.17,845,1,33.0
Akko ni Omakase! Brain Shock,4,2006,6,94,0.04,0,0,0.0
Malice,7,2004,2,374,0.02,90,3,25.5
Naruto Shippuden: Ultimate Ninja Impact,17,2011,10,25,0.34,589,3,33.1
Fatal Frame,14,2002,9,48,0.06,378,3,42.8
Gladiator Begins,17,2010,9,148,0.12,198,2,33.5
Ultimate Brain Games,9,2003,6,183,0.08,1177,1,44.15
Generator Rex: Agent of Providence,6,2011,9,4,0.07,329,4,0.0
Shin Sangoku Musou 4 Special,5,2005,9,48,0.01,0,0,0.0
Tokyo Xanadu,23,2015,4,246,0.15,0,0,0.0
Just Dance: Disney Party 2,19,2015,9,5,0.08,12,1,0.0
Natsuiro High School: Seishun Hakusho,6,2015,9,58,0.02,0,0,0.0
Thunderstrike: Operation Phoenix,7,2001,8,21,0.34,56,3,36.55
Last Rebellion,6,2010,4,131,0.09,1275,3,24.3
Harry Potter: Quidditch World Cup,9,2003,1,7,0.39,239,1,30.65
Frogger: The Great Quest,7,2001,2,14,1.23,69,1,18.3
Touhoku Daigaku Mirai Kagaku Gijutsu Kyoudou Kenkyuu Center Kawashima Ryuuta Kyouju Kanshu: Nou Ryoku Trainer Portable,17,2005,6,8,0.3,0,0,0.0
National Geographic Panda (US sales),4,2008,8,5,0.04,0,0,0.0
FlatOut: Ultimate Carnage,5,2007,3,87,0.11,728,3,44.4
Triple Pack: Xbox Live Arcade Compilation,5,2011,6,1,0.03,1210,3,0.0
Transformers: Dark of the Moon,11,2011,9,4,0.21,0,0,0.0
MySims Agents,1,2009,11,7,1.03,22,1,43.3
MLB 11: The Show,17,2011,1,3,0.17,421,1,41.5
PC Engine Best Collection: Tengai Makyou Collection,17,2008,4,68,0.02,0,0,0.0
Saiyuki: Journey West,13,1999,12,48,0.05,393,1,40.05
Gold's Gym: Cardio Workout (Others sales),1,2008,1,5,0.31,0,0,0.0
Jet X20,7,0,3,53,0.23,0,0,0.0
Enemy Territory: Quake Wars,6,2008,7,4,0.35,300,3,33.2
Fairy Tail: Zelef Kakusei,17,2012,9,53,0.07,0,0,0.0
Hot Shots Golf: Open Tee 2,17,2007,1,3,0.68,130,1,45.3
7 Days to Die,10,2016,9,173,0.14,1119,2,25.45
Touhou Genso Rondo: Bullet Ballet,10,2016,7,131,0.02,1609,4,29.85
Napoleon Dynamite: The Game,4,2007,5,67,0.03,641,4,26.15
Spider-Man: The Movie,7,2002,9,4,4.48,6,1,41.95
Saints Row IV,10,2015,9,41,0.39,0,0,0.0
GameBoy Wars,3,1991,12,0,0.18,0,0,0.0
Tekken 3,13,1998,10,3,7.16,32,3,52.55
TNA iMPACT: Cross the Line,17,2010,10,81,0.05,624,3,28.25
Peter Jackson's King Kong: The Official Game of the Movie,20,2005,9,5,0.24,195,3,44.65
Fritz Chess,4,2009,12,41,0.02,1034,1,0.0
Koisuru Otome to Shugo no Tate Portable,17,2010,11,79,0.02,0,0,0.0
Big Idea's VeggieTales: LarryBoy and the Bad Apple,7,2006,9,67,0.02,0,0,0.0
Rapala Pro Bass Fishing 2010,5,2010,1,4,0.4,565,1,0.0
Wakeboarding Unleashed Featuring Shaun Murray,7,2003,1,4,0.16,249,1,46.0
High School Musical 3: Senior Year DANCE!,7,2008,6,32,0.34,0,0,0.0
Mystical Ninja starring Goemon,12,1997,9,14,0.36,0,0,0.0
World Sports Competition,6,2009,1,68,0.03,0,0,0.0
Satomi Hakkenden: Hachi Tamanoki,17,2014,11,500,0.01,0,0,0.0
NFL Blitz 2001,12,2000,1,39,0.42,0,0,0.0
Drakengard 2,7,2005,4,5,0.13,267,2,31.75
Call of Juarez: Bound in Blood,15,2009,7,5,0.03,171,2,43.0
Patrician IV,15,2010,12,206,0.04,971,1,36.2
Castlevania: Curse of Darkness,14,2005,9,14,0.12,69,2,40.5
Pro Evolution Soccer 2012,5,2011,9,14,0.5,69,1,42.3
A Boy and His Blob,1,2009,2,35,0.21,278,1,44.35
NBA Live 2002,13,2001,1,7,0.52,35,1,44.9
Call of Duty: Advanced Warfare,18,2014,7,4,5.27,26,2,43.2
Food Network: Cook or Be Cooked,1,2009,6,25,0.44,445,1,29.9
Death Jr. and the Science Fair of Doom,4,2007,2,14,0.08,1307,4,27.25
ATV Quad Kings,1,2009,3,84,0.22,930,1,16.5
Trade & Battle: Card Hero,3,2000,12,0,0.2,0,0,0.0
WRC 5: FIA World Rally Championship,10,2015,1,340,0.05,0,0,0.0
SpongeBob SquigglePants,1,2011,6,28,0.4,278,1,29.5
Looney Tunes: Sheep Raider,13,2001,2,52,0.12,1172,1,40.4
NBA Street V3,20,2005,1,7,0.29,35,1,48.2
Adventure Time: Finn & Jake Investigations,6,2015,9,241,0.09,0,0,0.0
Wing Commander: Prophecy,9,2003,8,203,0.05,1234,3,39.15
Galerians,13,1999,11,67,0.15,0,0,0.0
Ty the Tasmanian Tiger 3: Night of the Quinkan,14,2005,9,84,0.02,213,4,33.0
Rodea the Sky Soldier,19,2015,9,131,0.12,1176,4,25.75
Call of Duty: Modern Warfare 3,5,2011,7,4,14.73,5,2,45.7
NBA ShootOut,13,1995,1,3,0.31,0,0,0.0
Practise English!,4,2007,6,0,0.73,0,0,0.0
Jikkyou Powerful Pro Yakyuu 3 '97 Haru,8,1997,1,14,0.16,0,0,0.0
King of Colosseum (Red): Shin Nippon x Zen Nippon x Pancrase Disc,7,2002,10,130,0.12,0,0,0.0
Mafia,7,2004,9,136,0.7,513,2,36.3
Balloon Pop,1,2007,5,11,0.05,1018,1,0.0
Sega Rally Championship 2,22,1999,3,8,0.41,0,0,0.0
LEGO Pirates of the Caribbean: The Video Game,15,2011,9,32,0.03,50,4,39.8
Bust-A-Move Deluxe,17,2006,5,11,0.14,51,1,33.5
Kekkon: Marriage,24,1995,11,269,0.06,0,0,0.0
R-Type III: The Third Lightning,9,2004,7,84,0.03,1234,1,23.0
Mega Man 2,2,1988,9,12,1.51,0,0,0.0
Disney Sing It,5,2008,6,32,0.43,275,1,29.1
Iron Man 2,1,2010,9,8,0.32,337,3,22.8
Mahjong Master,12,1996,6,14,0.09,0,0,0.0
Sonic & All-Stars Racing Transformed,6,2012,3,8,0.49,0,0,0.0
Shrek the Third,4,0,9,4,0.3,67,1,38.25
Infinite Stratos 2: Ignition Hearts,6,2014,11,357,0.03,0,0,0.0
Blood Omen: Legacy of Kain,13,1996,4,109,0.44,0,0,0.0
Pokemon Sun/Moon,11,2016,4,0,7.14,0,0,0.0
Sonic Jam,24,1997,2,8,0.12,0,0,0.0
Gyakuten Saiban 2,9,2002,9,12,0.14,0,0,0.0
SD Gundam G Generation Spirits,7,2007,12,25,0.38,0,0,0.0
Dance Factory,7,2006,9,34,0.03,1073,1,30.9
Cabela's Big Game Hunter 2005 Adventures,9,2004,1,4,0.06,0,0,0.0
World League Soccer,8,1991,1,156,0.15,0,0,0.0
Terminator 3: The Redemption,14,2004,7,10,0.06,251,3,37.3
Spawn: Armageddon,20,2003,9,7,0.07,624,2,34.1
Puyo Puyo 7,4,2009,5,8,0.3,0,0,0.0
CSI: Hard Evidence,5,2007,11,5,0.1,0,0,0.0
Spawn: Armageddon,7,2003,9,7,0.44,624,2,31.7
Harvest Moon: The Tale of Two Towns,11,0,8,53,0.3,0,0,0.0
America's Army: True Soldiers,5,2007,7,5,0.08,227,3,24.85
Gensou Suikoden I & II,17,2006,4,14,0.03,0,0,0.0
Cabela's Dangerous Hunts 2009,5,2008,1,4,0.13,565,3,21.0
King's Field (Japan),13,1994,4,227,0.08,0,0,0.0
WWE WrestleMania 21,14,2005,10,28,0.45,667,3,31.45
Jurassic: The Hunted,6,2009,7,4,0.19,242,3,2.25
The King of Fighters EX2: Howling Blood,9,2002,10,214,0.08,468,3,44.55
Shenmue II,22,2001,11,8,0.15,219,3,48.7
ESPN NBA 2K5,7,2004,1,63,1.59,83,1,45.25
Legacy of Kain: Defiance,15,2003,9,21,0.01,330,2,39.35
Horse Life Adventures,4,2008,8,41,0.1,422,1,0.0
WWE 2K17,6,2016,1,2,0.14,156,3,2.05
Pandemonium!,13,1996,2,147,0.21,0,0,0.0
Digimon Rumble Arena 2,14,2004,10,10,0.02,1260,3,36.9
Defiance,15,2013,7,149,0.21,529,2,35.25
NBA 2K11,6,2010,9,2,1.8,83,1,48.3
Sloane to MacHale no Nazo no Monogatari,4,2009,5,37,0.2,0,0,0.0
Area 51,7,2005,7,39,0.45,577,2,41.7
Space Invaders,9,2002,7,4,0.11,0,0,0.0
Super Robot Taisen F,24,1997,12,56,0.55,0,0,0.0
F1 2013,5,2013,3,34,0.3,294,1,42.8
Sword of the Samurai,7,0,10,5,0.17,0,0,0.0
Time Travelers,11,2012,11,53,0.04,0,0,0.0
Major League Baseball 2K10,4,2010,1,2,0.15,390,1,0.0
Bullet Soul: Tama Tamashii,5,2011,7,357,0.01,0,0,0.0
The Witcher: Enhanced Edition,15,2008,4,10,0.32,81,2,47.25
Criminal Girls 2,23,2015,4,131,0.05,0,0,0.0
Ratchet & Clank: Into the Nexus,6,2013,7,3,0.65,0,0,0.0
Barbie and the Magic of Pegasus,9,2005,9,23,0.09,278,1,0.0
Adventures to Go!,17,2008,4,201,0.13,0,0,0.0
The Testament of Sherlock Holmes,6,2012,11,82,0.24,905,2,36.2
My Fitness Coach: Club,1,2011,1,5,0.05,0,0,0.0
Scaler,7,2004,2,2,0.09,250,1,39.3
Nintendogs,4,2005,8,0,24.67,0,0,0.0
Perfect Dark Zero,5,2005,7,1,0.77,43,2,44.15
Romance of the Three Kingdoms VIII,7,2002,12,48,0.3,393,1,42.95
Nazo Waku Yakata: Oto no Ma ni Ma ni,11,2011,6,12,0.05,0,0,0.0
Dead to Rights,7,2002,7,7,1.36,32,2,40.95
Ape Escape,6,2010,2,3,0.04,0,0,0.0
Wall-E,5,2008,2,28,0.62,172,1,28.15
March of the Penguins,4,2006,11,84,0.05,1465,1,17.85
Doraemon: Shin Nobita no Daimakyou Peko to 5-nin no Tankenta,11,2014,9,242,0.04,0,0,0.0
The Gunstringer,5,2011,7,1,0.4,712,3,42.55
NBA Ballers: Phenom,14,2006,1,39,0.13,162,1,35.0
Beowulf: The Game,17,2007,9,5,0.09,329,2,24.7
Ratchet & Clank (2016),10,2016,2,3,1.54,0,0,0.0
Musou Tourou,17,2009,12,131,0.01,0,0,0.0
Airline Tycoon,15,2000,8,117,0.02,1000,1,4.0
Armored Core: Last Raven,7,2005,8,11,0.18,163,3,33.95
Zathura,14,2005,11,2,0.02,337,4,26.75
Rurouni Kenshin: Meiji Kenyaku Romantan - Kansen,17,2012,9,25,0.06,0,0,0.0
Harvest Moon: Hero of Leaf Valley,17,2009,8,70,0.14,457,1,40.95
Call of Duty: Ghosts,10,2013,7,4,3.83,7,2,40.85
Hasbro Family Game Night,1,2008,5,7,1.43,285,1,35.25
Monster Hunter Frontier Online: Forward 1,5,2011,4,12,0.03,0,0,0.0
Tongari Boushi to Mahou no Otana,4,2010,8,14,0.44,0,0,0.0
Donkey Kong Country 3: Dixie Kong's Double Trouble!,8,1996,2,0,3.51,0,0,0.0
Tomb Raider (2013),5,2013,9,15,1.89,0,0,0.0
The Penguins of Madagascar: Dr. Blowhole Returns - Again!,1,2011,9,28,0.08,0,0,0.0
"Renai Banchou: Inochi Meishi, Koiseyo Otome! Love is Power!!!",17,2010,11,323,0.02,0,0,0.0
Pokemon Trozei!,4,2005,5,0,0.59,0,0,0.0
Mass Effect,5,2007,4,1,2.91,116,2,49.85
Neopets: The Darkest Faerie,7,2005,11,3,0.3,704,4,34.75
Army Men World War: Team Assault,13,2001,9,76,0.1,0,0,0.0
X-Blades,6,2009,9,81,0.13,522,2,27.95
Vietcong: Purple Haze,14,2004,7,212,0.08,1008,2,32.7
Angry Birds,15,2011,5,82,0.24,869,1,3.65
Culdcept,7,2002,12,8,0.03,1560,3,43.45
Dragon Ball Z: Chou Saiya Densetsu,8,1992,4,25,0.58,0,0,0.0
Saban's Power Rangers: Lightspeed Rescue,13,2000,9,28,0.35,0,0,0.0
Toukiden 2,6,2016,9,48,0.02,0,0,0.0
Call of Duty: Modern Warfare: Reflex Edition,1,2009,7,4,1.51,0,0,0.0
Jawbreaker,16,1981,9,137,0.45,0,0,0.0
Gladius,20,2003,12,4,0.07,143,3,45.4
Pokemon Mystery Dungeon: Explorers of Sky,4,2009,4,0,1.56,196,1,31.5
Berserk and the Band of the Hawk,23,2016,9,48,0.02,188,0,0.0
MotoGP 08,6,2008,3,12,0.39,723,1,35.5
Tonic Trouble,12,1999,2,5,0.11,0,0,0.0
Gradius,2,1986,7,14,1.36,0,0,0.0
Triggerheart Exelica,22,2007,7,559,0.02,0,0,0.0
Resistance: Fall of Man,6,2006,7,3,4.34,73,2,47.05
The Walking Dead: Season One,15,2012,11,126,0.03,0,0,0.0
Black Bass with Blue Marlin,13,1999,1,200,0.11,0,0,0.0
World of Warcraft: The Burning Crusade,15,2007,4,4,4.09,41,3,49.45
Sydney 2000,13,2000,1,21,0.27,852,1,28.5
Payday 2,18,2015,7,11,0.18,0,0,0.0
Ruff Trigger: The Vanocore Conspiracy,7,2006,2,77,0.02,1617,4,32.0
World Snooker Championship 2007,6,2007,1,8,0.1,0,0,0.0
Digger Simulator,15,2011,8,316,0.01,0,0,0.0
College Hoops 2K8,5,2007,1,2,0.18,83,1,43.95
Star Wars The Clone Wars: Republic Heroes,6,2009,9,18,0.43,680,3,24.15
Mountain Bike Adrenaline,7,0,1,53,0.05,1434,1,0.0
IHRA Professional Drag Racing 2005,14,2004,3,6,0.06,70,1,18.0
Pro Rally,20,2002,3,5,0.02,12,1,32.0
The Lord of the Rings: Aragorn's Quest,6,2010,9,19,0.17,64,3,32.0
Xevious,2,1984,7,25,1.52,0,0,0.0
Bratz: Forever Diamondz,4,2006,11,28,1.48,274,1,3.25
Cabela's Outdoor Adventures,20,2005,1,4,0.03,554,3,4.4
Hyperdimension Neptunia,23,2013,4,266,0.13,0,0,0.0
Banjo-Kazooie: Nuts & Bolts,5,2008,2,1,0.76,0,0,0.0
Need for Speed Carbon,5,2006,3,7,1.65,35,4,41.65
Spider-Man: Battle for New York,4,2006,2,4,0.13,709,4,37.45
The Sims 3: Ambitions,15,2010,8,7,0.46,97,3,40.65
Amnesia,17,2011,11,323,0.04,0,0,0.0
LEGO The Hobbit,15,2014,9,19,0.05,182,4,34.0
Titanic Mystery,4,2010,5,286,0.07,1363,3,0.0
Danganronpa: Trigger Happy Havoc,23,2013,6,131,0.33,701,2,44.05
Batman: Arkham Asylum,6,2009,9,21,4.23,54,3,49.95
Broken Sword 5: The Serpent's Curse,10,2015,11,408,0.07,907,3,39.6
Shin Megami Tensei: Digital Devil Saga,7,2004,4,145,0.13,463,2,43.1
Emergency Mayhem,1,2008,3,34,0.02,1208,3,22.15
Arcade Hits: Frisky Tom,13,2002,9,226,0.28,0,0,0.0
Umineko no Naku Koro ni San: Shinjitsu to Gensou no Yasoukyoku,6,0,11,0,0.02,0,0,0.0
NASCAR 08,7,2007,3,7,0.24,57,1,32.1
FIFA Soccer 2004,9,2003,1,7,0.05,293,1,44.95
Star Wars Episode III: Revenge of the Sith,4,2005,9,5,0.3,12,4,40.4
Heroes of Mana,4,2007,12,15,0.14,494,4,33.0
Jikkyou World Soccer 2000 Final Edition,7,2000,1,14,0.66,0,0,0.0
Moto Racer Advance,9,2002,3,5,0.01,535,1,43.0
R-Types,13,1998,7,17,0.06,0,0,0.0
LEGO Indiana Jones 2: The Adventure Continues,1,2009,9,4,1.4,50,4,39.05
Yakuza Kiwami,6,2016,11,8,0.12,0,0,0.0
The Mysterious Case of Dr. Jekyll and Mr. Hyde,4,2010,11,347,0.05,0,0,0.0
Astro Boy: The Video Game,1,2009,9,58,0.11,337,4,25.75
Air Conflicts: Secret Wars,6,2011,8,278,0.19,997,3,25.5
Naughty Bear,5,2010,9,11,0.4,250,3,24.3
The Smurfs 2,1,2013,2,5,0.09,278,1,0.0
White Knight Chronicles: Origins,17,2011,4,3,0.15,0,0,0.0
World Destruction League: Thunder Tanks,13,2000,9,76,0.17,733,3,18.1
Crime Scene,4,2009,11,125,0.02,1634,2,27.0
StarCraft II: Legacy of the Void,15,2015,12,4,0.53,41,3,48.15
Rockstar Games Double Pack: Grand Theft Auto III & Grand Theft Auto Vice City,14,2003,9,2,2.49,0,0,0.0
Slot Machine,16,0,9,10,0.31,0,0,0.0
Need for Speed: ProStreet,7,2007,3,7,2.41,168,4,34.1
Bakugan: Battle Brawlers,5,2009,9,4,0.24,301,1,32.6
Medabots 9: Metabee / Rokusho,11,2015,4,138,0.03,0,0,0.0
MAPLUS: Portable Navi,17,2006,6,401,0.07,0,0,0.0
Fire Emblem: Seisen no Keifu,8,1996,12,0,0.58,0,0,0.0
Pro Evolution Soccer 2017,5,2016,1,14,0.04,69,1,3.25
J-League Victory Goal,24,1995,1,8,0.15,0,0,0.0
Detective Conan: Marionette Symphony,11,2013,11,25,0.05,0,0,0.0
Music Maker: Rockstar,7,2009,6,220,0.04,0,0,0.0
El Shaddai: Ascension of the Metatron,5,2011,9,153,0.16,842,3,41.0
Tokimeki Memorial: Forever with You,24,1996,8,14,0.38,0,0,0.0
Chuck E. Cheese's Party Games,4,2010,6,282,0.18,1018,1,0.0
Surf's Up,4,2007,1,5,0.28,104,1,31.5
Root Letter,23,2016,11,148,0.05,1248,2,42.9
Stranglehold,5,2007,7,39,0.82,162,2,42.3
Alias,7,2004,9,30,0.11,158,3,36.0
Steins;Gate: Hiyoku Renri no Darling,6,2012,11,357,0.02,0,0,0.0
Code R,24,1998,11,535,0.02,0,0,0.0
Neo Angelique,7,2006,11,48,0.02,0,0,0.0
One Piece: Burning Blood,10,2016,10,25,0.35,701,3,36.9
Robin Hood: Defender of the Crown,14,2003,12,12,0.03,570,3,28.5
Pinball Hall of Fame: The Williams Collection,11,2011,6,67,0.1,661,4,37.15
Tournament of Legends,1,2010,10,8,0.06,337,3,25.95
Barbie Explorer,13,2001,2,53,0.14,0,0,0.0
Crazy Chicken: Atlantis Quest,4,2007,2,423,0.05,0,0,0.0
DS Bimoji Training,4,2008,6,0,0.56,0,0,0.0
Dead or Alive Paradise,17,2010,6,116,0.18,396,2,21.8
Hot Wheels: Stunt Track Challenge / World Race,9,2006,3,203,0.01,0,0,0.0
Dragon Ball Z: Harukanaru Densetsu,4,2007,4,25,0.2,895,1,31.6
Top Angler: Real Bass Fishing,7,2002,1,349,0.11,0,0,0.0
Yu-Gi-Oh! The Sacred Cards,9,2002,4,14,1.3,0,0,0.0
Away: Shuffle Dungeon,4,2008,4,35,0.03,430,4,32.5
Max Payne 2: The Fall of Max Payne,15,2003,7,2,0.03,308,2,47.5
Superman: The Man of Steel,14,2002,9,10,0.13,831,3,25.0
Pro Evolution Soccer 2014,15,2013,9,14,0.1,69,1,39.2
Cold Fear,14,2005,9,5,0.06,1057,2,39.3
FabStyle,11,2011,12,48,0.03,0,0,0.0
Trauma Team,1,0,8,53,0.17,355,3,45.4
NBA 2K2,7,2002,1,8,1.22,83,1,48.4
Ener-G: Gym Rockets,4,2008,1,5,0.39,112,1,0.0
The Legend of Zelda: Link's Awakening DX,3,1998,11,0,2.22,0,0,0.0
Banjo-Kazooie: Grunty's Revenge,9,2003,2,28,0.33,43,1,40.05
The King of Fighters '96,27,1996,10,244,0.06,0,0,0.0
Ultimate Band,4,2008,6,32,0.22,931,1,34.5
A Game of Thrones: Genesis,15,2011,12,82,0.03,1047,0,28.5
Fist of the North Star: Ken's Rage 2,5,2012,10,48,0.06,393,2,31.05
Major League Baseball 2K8 Fantasy All-Stars,4,2008,1,2,0.12,1163,1,33.0
NASCAR Thunder 2002,7,2001,3,7,1.16,18,1,46.75
All-Star Baseball 2001,12,2000,1,30,0.23,0,0,0.0
Gun,14,2005,7,4,0.52,60,2,43.4
Rave Master: Special Attack Force!,9,2002,10,14,0.01,44,3,28.0
Dai-2-Ji Super Robot Taisen Z Saisei-hen,17,2012,12,25,0.36,0,0,0.0
Golden Time: Vivid Memories,23,2014,11,430,0.01,0,0,0.0
Mario & Luigi: Paper Jam,11,2015,4,0,0.76,0,0,0.0
Mystery Trackers: The Void,15,2011,5,82,0.03,1534,0,0.0
Sword Art Online: Hollow Fragment,23,2014,4,25,0.3,247,3,37.3
NFL Blitz 2001,13,2000,1,39,0.59,162,1,35.0
Family Feud: 2012 Edition,5,2011,6,5,0.1,12,4,26.15
Aegis of Earth: Protonovus Assault,23,2016,9,148,0.03,198,3,4.15
Battle Arena Toshinden 3,13,1996,10,3,0.27,0,0,0.0
Horse Life,4,2007,8,292,0.12,422,1,34.0
The Great Battle Gaiden 2: Matsuri da Wasshoi,8,1994,9,56,0.03,0,0,0.0
Namco Museum: 50th Anniversary,14,2005,6,25,0.18,942,4,31.0
LEGO Star Wars II: The Original Trilogy,15,2006,9,4,0.02,50,4,47.1
Borderlands 2,23,2014,7,2,0.64,542,2,35.8
Sonic Heroes,20,2003,2,8,1.6,125,1,39.9
Shaman King: Soul Fight,20,2003,2,25,0.05,0,0,0.0
NieR,5,2010,4,15,0.29,267,2,37.65
Indiana Jones and the Staff of Kings,7,2009,9,4,0.28,143,3,31.25
Spirit: Stallion of the Cimarron,9,2002,2,28,0.3,819,1,23.0
Call of Duty: Black Ops,5,2010,7,4,14.61,6,2,46.65
Famicom Mini: Star Soldier,9,2004,7,0,0.08,0,0,0.0
Taito Legends,14,2005,6,87,0.05,1188,3,37.0
ExerBeat,1,2010,1,25,0.29,145,1,33.8
Kinect Joy Ride,5,2010,3,1,1.43,282,1,28.5
Chevrolet Camaro: Wild Ride,4,2010,3,215,0.02,362,1,0.0
Birds of Steel,5,2012,8,14,0.15,522,3,42.95
Future Tactics: The Uprising,14,2004,12,271,0.03,0,0,30.5
TMNT,17,2007,9,5,0.11,52,4,20.55
Bridge,16,1980,6,4,0.27,0,0,0.0
[Prototype],6,2009,9,4,1.24,311,2,43.35
Jak 3,7,2004,2,3,1.85,33,3,46.3
Hard Rock Casino,17,2007,6,60,0.14,245,3,22.0
Lego Star Wars: The Force Awakens,5,2016,9,19,0.12,182,4,3.45
Dragon Ball Z: Supersonic Warriors 2,4,2005,10,10,0.49,496,4,36.8
Ben 10 Ultimate Alien: Cosmic Destruction,5,2010,2,58,0.18,211,4,28.15
Shrek Smash n' Crash Racing,20,2006,3,4,0.13,242,1,1.55
Iron & Blood,13,1996,10,30,0.14,0,0,0.0
Oddworld: Munch's Oddysee,9,2003,2,28,0.06,206,1,23.25
Star Wars: Knights of the Old Republic,14,2003,4,4,2.19,116,3,51.6
Jeopardy!,7,2003,6,10,0.48,0,0,0.0
Barbie and Her Sisters Puppy Rescue,1,2015,9,25,0.03,1469,1,0.0
2014 FIFA World Cup Brazil,6,2014,1,7,0.61,35,1,38.65
Dragon Ball: XenoVerse,18,2015,10,25,0.32,117,3,37.1
Scooby-Doo 2: Monsters Unleashed,9,2004,9,28,0.71,217,1,23.0
FIFA Soccer 2003 (weekly jp sales),7,2002,1,7,0.04,0,0,0.0
Boku no Natsuyasumi 2: Umi no Bouken Hen,7,2002,11,3,0.41,0,0,0.0
Tom Clancy's Ghost Recon: Jungle Storm,7,2004,7,5,1.16,227,3,38.15
Surf's Up,5,2007,1,5,0.1,12,4,33.55
QuickSpot,4,2006,6,25,0.14,32,4,34.0
ABBA: You Can Dance,1,2011,6,5,0.77,12,4,33.0
MXGP 2,10,2016,3,255,0.09,0,0,0.0
You Don't Know Jack,4,2011,6,28,0.06,205,3,0.0
Derby Stallion DS,4,2008,1,155,0.32,0,0,0.0
Murakumo: Renegade Mech Pursuit,14,2002,7,227,0.11,163,3,27.75
Book of Spells,6,2012,9,3,0.67,0,0,0.0
ModNation Racers,6,2010,3,3,1.12,353,1,45.2
SD Gundam G Generation-F.I.F,13,2001,12,25,0.12,0,0,0.0
My Word Coach,4,2007,6,5,1.44,12,1,38.9
TMNT,4,2007,9,5,0.04,104,4,22.1
inFAMOUS 2,6,2011,9,3,1.82,128,3,45.7
Madden NFL 10,7,2009,1,7,0.98,57,1,3.6
J.League Pro Soccer Club o Tsukurou! 8 Euro Plus,17,2013,1,8,0.04,0,0,0.0
Odoru Daisousasen The Game: Sensuikan ni Sennyuu Seyo!,4,2010,11,25,0.05,0,0,0.0
E0: Enemy Zero,24,1996,11,8,0.41,0,0,0.0
ParaWorld,15,2006,12,41,0.02,1588,3,39.65
The Magical Quest starring Mickey Mouse,8,1992,2,12,1.21,0,0,0.0
Horrid Henry: Missions of Mischief,1,2010,11,81,0.02,1032,1,0.0
Strike Witches: Anata to Dekiru Koto - A Little Peaceful Days,7,2010,9,90,0.02,0,0,0.0
Puyo Puyo!! 20th Anniversary,4,2011,5,8,0.14,0,0,0.0
Growlanser,17,2009,4,91,0.04,0,0,0.0
Evolution Snowboarding,7,2002,1,14,0.02,69,3,19.0
Pro Wrestling,2,1987,10,0,2.4,0,0,0.0
Do-Konjou Shougakussei: Bon Bita - Hadaka no Choujou Ketsusen!! Bita vs. Dokuro Dei!,4,2010,9,25,0.04,0,0,0.0
Rayman: Hoodlum's Revenge,9,2005,2,5,0.06,179,1,30.5
San Goku Shi DS 2,4,2007,12,48,0.02,0,0,0.0
Space Channel 5 Special Edition,7,2003,6,95,0.08,1316,3,43.8
In The Groove,7,2005,6,22,0.07,1332,1,40.5
Phantasy Star Online,22,2000,4,8,0.2,125,3,49.05
Brutal Legend,6,2009,9,7,0.94,406,2,45.3
The Lord of the Rings: The Return of the King,20,2003,9,7,0.69,520,3,46.25
Lord of the Rings: The Third Age,14,2004,4,7,0.42,0,0,0.0
Fight Night Round 2,7,2005,10,7,0.87,18,3,48.5
GT Advance Championship Racing,9,2001,3,28,0.33,358,1,41.0
Bully: Scholarship Edition,15,2008,9,2,0.03,369,3,39.75
The BIGS 2,4,2009,1,2,0.05,273,1,0.0
PopCap Hits!,5,2011,6,209,0.02,0,0,0.0
Crash Tag Team Racing,17,2005,3,23,0.24,311,4,37.55
Wheel of Fortune,12,1997,6,2,0.25,0,0,0.0
Dave Mirra Freestyle BMX 2,7,2001,1,30,1.38,300,3,44.55
World Series Baseball,14,2002,1,8,0.23,909,1,46.9
Madden NFL 16,6,2015,1,7,0.78,18,1,1.55
Fate/Extella: The Umbral Star,10,2016,9,148,0.11,1012,3,0.0
Enclave,14,2002,11,313,0.14,534,2,37.2
F1 2015,18,2015,3,34,0.25,294,1,34.65
Hatsune Miku: Project Diva,17,2009,6,8,0.26,0,0,0.0
Rayman 3D,11,2011,2,5,0.64,544,1,33.8
Monster Tale,4,2011,2,35,0.06,1378,1,43.5
Oil Rush,15,2012,12,471,0.02,1620,0,36.75
King's Quest: The Complete Collection,10,2016,11,4,0.02,1662,4,0.0
Conker: Live And Reloaded,14,2005,11,1,0.71,0,0,0.0
NHL 07,7,2006,1,7,0.51,18,4,40.3
The Hobbit,20,2003,2,23,0.17,610,1,34.15
F.E.A.R. 3,15,2011,7,19,0.15,351,2,39.95
Higurashi no Naku Koro ni Iki,23,2015,9,427,0.03,0,0,0.0
Ninja Assault,7,2002,7,25,0.11,32,3,32.65
Super Mario Kart,8,1992,3,0,8.76,0,0,0.0
Kirby's Dream Land 3,8,1997,2,0,0.36,0,0,0.0
Fantasia: Music Evolved,18,2014,6,32,0.15,58,4,42.25
ESA Game Pack,6,2010,6,3,0.11,1210,3,0.0
Zombie Hunters 2,7,2006,9,283,0.02,0,0,0.0
Airlock,16,1981,9,191,0.39,0,0,0.0
Animal Crossing,20,2001,8,0,3.15,0,1,47.95
Tobal No.1,13,1996,10,3,0.92,0,0,0.0
Asteroids,13,1998,7,88,1.15,0,0,0.0
